conversation_id_str,created_at,favorite_count,full_text,id_str,image_url,in_reply_to_screen_name,lang,location,quote_count,reply_count,retweet_count,tweet_url,user_id_str,username,sentiment_pakar
1.94E+18,Sat Jul 05 14:10:35 +0000 2025,1,@Boediantar4 Klo disebut efisiensi bisa jadi bus mewah lengkap fasilitas Tetapi efisiensi anggaran ya atau tidak Mau bilang pencitraan rasa tak tege terus ape lagi kiranye ,1.94E+18,,Boediantar4,in,,0,0,0,https://x.com/undefined/status/1941499954725519393,1.82E+18,,negatif
1.94E+18,Sat Jul 05 14:07:16 +0000 2025,0,Hahahaha Boros anggaran efisiensi ndasmu !!!,1.94E+18,,,tl,,0,0,0,https://x.com/undefined/status/1941499120100966658,1978790995,,negatif
1.94E+18,Sat Jul 05 14:01:08 +0000 2025,0, Chain berbasis app seperti dYdX dan Injective bangun chain khusus untuk efisiensi tinggi. #BybitIndonesia #AppChain,1.94E+18,,,in,,0,0,0,https://x.com/undefined/status/1941497577003941946,903730254,,positif
1.94E+18,Sat Jul 05 13:59:42 +0000 2025,0,@LahrianSyahilla Produksi meningkat efisiensi tercapai lingkungan pun lebih terjaga. Mantap Pertamina!,1.94E+18,,LahrianSyahilla,in,,0,0,0,https://x.com/undefined/status/1941497217275318764,1.38E+18,,positif
1.94E+18,Sat Jul 05 13:56:20 +0000 2025,0,@crwwelworld @unicelounge Katanya efisiensi tp kok renov2 yg gak perlu,1.94E+18,,crwwelworld,in,,0,0,0,https://x.com/undefined/status/1941496371300925745,1.17E+18,,negatif
1.94E+18,Sat Jul 05 13:55:50 +0000 2025,0,Yang efisiensi kan yg anggarannya dikit harusnya motong dari yg paling gede lah. Ini yg anggaran dikit makin dikit yg udah gede makin gede ya ga heran makin defisit ,1.94E+18,,,in,,0,0,0,https://x.com/undefined/status/1941496242674266301,1.58E+18,,negatif
1.94E+18,Sat Jul 05 13:52:34 +0000 2025,0,@txtdrimedia oh ini efisiensi anggaran ya,1.94E+18,,txtdrimedia,in,,0,0,0,https://x.com/undefined/status/1941495420544483779,1052403548,,netral
1.94E+18,Sat Jul 05 13:52:06 +0000 2025,0,@ardisatriawan kalo kementriannya dan lembaganya gemuk ya efisiensi itu hanya semu,1.94E+18,,ardisatriawan,in,,0,0,0,https://x.com/undefined/status/1941495306090418577,969544471,,negatif
1.94E+18,Sat Jul 05 13:45:47 +0000 2025,0, dYdX = perp DEX terbesar dengan orderbook model. Pindah ke chain sendiri untuk efisiensi. #BybitIndonesia #dYdX,1.94E+18,,,in,,0,0,0,https://x.com/undefined/status/1941493713425006841,903730254,,positif
1.94E+18,Sat Jul 05 13:41:32 +0000 2025,0,@tetanggasebelh Ini 750rb 15 orang kena efisiensi sih,1.94E+18,,tetanggasebelh,in,,0,1,0,https://x.com/undefined/status/1941492645819453583,1.54E+18,,negatif
1.94E+18,Sat Jul 05 13:40:11 +0000 2025,0, VeChain fokus ke logistik &amp; supply chain. Blockchain untuk efisiensi industri nyata. #BybitIndonesia #VeChain,1.94E+18,,,in,,0,0,0,https://x.com/undefined/status/1941492306106098108,903730254,,positif
1.94E+18,Sat Jul 05 13:39:41 +0000 2025,0,Kini Nyawa tak lagi punya harga Terombang-ambing lepas Temui nasib tanpa juang Konon Sebab efisiensi Konon Demi kemajuan Lupa Semua konon itu Takkan berarti tanpa nyawa Mungkin Karena nyawa telah tergadai Dalam perjudian dengan setan @PemetikAksara,1.94E+18,,,in,,0,0,0,https://x.com/undefined/status/1941492177697374290,1.18E+18,,negatif
1.94E+18,Sat Jul 05 13:38:37 +0000 2025,0, Fantom (FTM) fokus pada efisiensi DeFi &amp; kecepatan tinggi. Gas fee-nya super murah. #BybitIndonesia #Fantom,1.94E+18,,,in,,0,0,0,https://x.com/undefined/status/1941491910134333899,903730254,,positif
1.94E+18,Sat Jul 05 13:35:48 +0000 2025,0,@tempodotco Wkwkwkwwk yg efisiensi mah rakyatnya. Pejabatnya tetap foya2. Efisiensi tp kabinet gemuk tolol emang wkwwkwk,1.94E+18,,tempodotco,in,,0,0,0,https://x.com/undefined/status/1941491203020816711,189882871,,negatif
1.94E+18,Sat Jul 05 13:31:44 +0000 2025,0,@NarasiNewsroom Efisiensi ala si gemoy @prabowo yang bagi bagi Rolex eh warganya sendiri untuk dianter ke RS aja susah mati,1.94E+18,,NarasiNewsroom,in,,0,0,0,https://x.com/undefined/status/1941490180428529758,195276200,,negatif
1.94E+18,Sat Jul 05 13:29:27 +0000 2025,1,@NgkongRoses Efisiensi kantong sendiri kalau APBN ya enggak lah..kan mindset selama ini anggaran itu harus habis tanpa sisa,1.94E+18,,NgkongRoses,in,,0,1,1,https://x.com/undefined/status/1941489604798054622,1.89E+18,,negatif
1.94E+18,Sat Jul 05 13:27:28 +0000 2025,0,@sila1sil giliran instansi vital yg terjun ke masyarakat kena efisiensi istri pejabat jalan jalan di fasilitasi ,1.94E+18,,sila1sil,in,,0,0,0,https://x.com/undefined/status/1941489103461286041,1.19E+18,,negatif
1.94E+18,Sat Jul 05 13:23:10 +0000 2025,0,@PNS_Ababil aku seneng efisiensi,1.94E+18,,PNS_Ababil,in,,0,0,0,https://x.com/undefined/status/1941488021255418083,1.14E+18,,positif
1.94E+18,Sat Jul 05 13:20:27 +0000 2025,58,Kuots yang langsung menghujam jantungku. EFISIENSI APA KABAR EFISIENSI?,1.94E+18,,,in,,0,6,22,https://x.com/undefined/status/1941487341157351735,257207822,,negatif
1.94E+18,Sat Jul 05 13:18:32 +0000 2025,0, AI di blockchain bukan gimmick. Banyak proyek sekarang pake AI buat efisiensi dan analitik. #BybitIndonesia,1.94E+18,,,in,,0,0,0,https://x.com/undefined/status/1941486858653008373,1.83E+18,,positif
1.94E+18,Sat Jul 05 13:16:23 +0000 2025,0,@tubirfess 1 hal bikin stress: cari kerja karena barusan kena efisiensi 1 hal yang bikin bersyukur: bisa tidur siang,1.94E+18,,tubirfess,in,,0,0,0,https://x.com/undefined/status/1941486314609943027,1.27E+18,,negatif
1.94E+18,Sat Jul 05 13:13:58 +0000 2025,0,@tempodotco Efisiensi katanya ,1.94E+18,,tempodotco,in,,0,0,0,https://x.com/undefined/status/1941485706460921945,1.69E+18,,netral
1.91E+18,Sat Jul 05 13:12:45 +0000 2025,1,@wibisonoys @Srik4ndiMuslim2 @DamaiHariLubis @ajengcute16__ @Fahrihamzah @rahmasarita @DokterTifa @NarasiNewsroom @SonoraFM92 @Dennysiregar7 @ch_chotimah2 @andre_rosiade @Gerindra @karniilyas @ILCTalkshow @BocorAlusPol @jokowi @realAmienRais @officialinews_ @Lisaamartatara6 @MonaLisa_Twins @DediMulyadi71 @xquitavee @ProfylHenuk @PDI_Perjuangan @DianSandiU @tomlembong @GusNurian @NyaiNeneng @NenkMonica @Piyusaja2 @DPR_RI @emhaainunnadjib @fadlizon Efisiensi hanya utk rakyat. Tidak utk Istri Mentri jalan - jalan ke eropa. Anggaran utk rakyat tidak boleh mengurangi anggaran utk dikorupsi atau Bancakan! https://t.co/lQhmUlKpZ6,1.94E+18,,DsSupriyady,in,,0,1,0,https://x.com/undefined/status/1941485402277503431,2926855970,,positif
1.94E+18,Sat Jul 05 13:10:40 +0000 2025,3,@giIangmahesa Efisiensi cuma buat yg di bawah yg di atas gak efisien apa2. Padahal kalo yg dipucuk pimpinan mau efisiensi setara dengan ratusan orang pegawai biasa. Misal penggunaan kertas dan listrik diefisiensikan tapi penggunaan mobil dinas para eselon jalan terus.,1.94E+18,,giIangmahesa,in,,0,0,0,https://x.com/undefined/status/1941484877330907320,49000496,,positif
1.94E+18,Sat Jul 05 13:10:36 +0000 2025,0,Sudah 8 bulan berjalan saja masih kacau balau langkahnya. Pidato dan pelaksanaan tak sinkron. Efisiensi tapi anggaran makin defisit. Menterinya yg gemuk bermasalah tapi tak berani mengganti. Masih mau 2 periode?,1.94E+18,,,in,,0,0,0,https://x.com/undefined/status/1941484861795315851,4694497610,,positif
1.94E+18,Sat Jul 05 13:04:01 +0000 2025,0,@txtdrimedia Tak ada yang Betul Cakapnya ini para Pembantunya Presiden. Ente punya Wapres aja jelas bisa kerja karena ada Ordal dan langgar aturan tandanya Lapangan Kerja Tak ada Apalagi dengan program Efisiensi artinya proyek dilingkungan yang menyerap Tenaga Kerja di Bidang Konstruksi,1.94E+18,,txtdrimedia,in,,0,0,0,https://x.com/undefined/status/1941483204432756761,1.57E+18,,positif
1.94E+18,Sat Jul 05 13:01:49 +0000 2025,0,Industri Manufaktur pasti akan melakukan Cost Reduction yang dampaknya Efisiensi. Infonya ada APM yang idle time juga di bulan Juni - Juli.,1.94E+18,,,in,,0,0,0,https://x.com/undefined/status/1941482652261024260,243530961,,positif
1.94E+18,Sat Jul 05 12:58:34 +0000 2025,0,Udah beberapa kali interview pelamar tiap ditanya kenapa resign dr tempat kerja sebelumnya? jawabannya pasti Karena adanya efisiensi~ ,1.94E+18,,,in,,0,0,0,https://x.com/undefined/status/1941481832996090263,1.69E+18,,negatif
1.94E+18,Sat Jul 05 11:28:17 +0000 2025,0,@CosmicaSerika Awan pun terkena efek efisiensi ang-,1.94E+18,,CosmicaSerika,in,,0,0,0,https://x.com/undefined/status/1941459111276839196,1.86E+18,,negatif
1.94E+18,Sat Jul 05 11:27:45 +0000 2025,0,@tempodotco Efisiensi cuma pengalihan,1.94E+18,,tempodotco,in,,0,0,0,https://x.com/undefined/status/1941458975674990656,1.13E+18,,negatif
1.94E+18,Sat Jul 05 11:26:42 +0000 2025,0,Danantara hadir sebagai langkah nyata mendorong efisiensi dan keterbukaan demi Indonesia yang lebih maju. Bersama kita wujudkan pembangunan yang adil modern dan penuh harapan! https://t.co/roRfogXQND,1.94E+18,https://pbs.twimg.com/media/GvFxPMmbgAASWDm.jpg,BenSigorta,in,,0,1,0,https://x.com/undefined/status/1941458711878508744,1541049978,,positif
1.94E+18,Sat Jul 05 11:14:35 +0000 2025,0,@Inter Inter Media efisiensi?,1.94E+18,,Inter,es,,0,0,0,https://x.com/undefined/status/1941455664884363750,1113950202,,netral
1.94E+18,Sat Jul 05 11:10:03 +0000 2025,0,sebuah kebijakan paling tolol di pemerintahan sekarang adalah efisiensi anggaran untuk danantara faktanya yang terjadi adalah efisiensi (khusus pns golongan bawah pemotongan biaya operasional biaya pendidikan kompetisi akademik kesehatan dll) pejabatnya masih bisa foya foya,1.94E+18,,,in,,0,0,0,https://x.com/undefined/status/1941454524000108783,1.17E+18,,negatif
1.94E+18,Sat Jul 05 11:02:34 +0000 2025,0,Sakit bangett yaAllah bener-bener efisiensi anggaran yang ga masuk akall yaAllah pkm ️,1.94E+18,,,in,,0,0,0,https://x.com/undefined/status/1941452641521049876,1.70E+18,,negatif
1.94E+18,Sat Jul 05 10:57:49 +0000 2025,0,@tempodotco Efisiensi p*nt*t,1.94E+18,,tempodotco,in,,0,0,0,https://x.com/undefined/status/1941451443007099118,58824665,,negatif
1.94E+18,Sat Jul 05 10:57:40 +0000 2025,0,Pemerintah menjadi contoh bagi masyarakatnya? *efisiensi anggaran,1.94E+18,,,in,,0,0,0,https://x.com/undefined/status/1941451406550106285,307044103,,negatif
1.94E+18,Sat Jul 05 10:56:18 +0000 2025,0,Namun ditengah kabar-kabar baik ada juga kabar yang mungkin kurang keren karena CEO @SUPRA_Labs sdr. @JoshuaTobkin memberikan pengumuman adanya pengurangan jumlah Node dari 179 menjadi 121 sahaja. Hal tersebut dilakukan sebagai bentuk efisiensi akibat penurunan harga.,1.94E+18,,,in,,0,0,0,https://x.com/undefined/status/1941451063816749400,1.45E+18,,netral
1.94E+18,Sat Jul 05 10:55:49 +0000 2025,0,@tempodotco efisiensi tp kabinet super gemuk ,1.94E+18,,tempodotco,in,,0,0,0,https://x.com/undefined/status/1941450942341406931,65601019,,negatif
1.94E+18,Sat Jul 05 10:54:32 +0000 2025,0,@tempodotco Efisiensi sektor yg gak menguntungkan. Ugal2an dana utk sektor yg bsa dgarong. Lha padha bae..malah luwih parah..kepriben sih inyong ora paham.,1.94E+18,,tempodotco,in,,0,0,0,https://x.com/undefined/status/1941450620323631255,1.21E+18,,negatif
1.94E+18,Sat Jul 05 10:48:59 +0000 2025,0,Yg kena efisiensi mah staf bawah semua yg atasnya ga kena sama sekaliii,1.94E+18,,,in,,0,1,0,https://x.com/undefined/status/1941449219778413057,410609882,,negatif
1.94E+18,Sat Jul 05 10:46:20 +0000 2025,0,$ERG = Ergo ️ Smart contract UTXO Fokus efisiensi &amp; privacy #BybitIndonesia,1.94E+18,,,es,,0,0,0,https://x.com/undefined/status/1941448553295184359,903730254,,positif
1.94E+18,Sat Jul 05 10:43:39 +0000 2025,0,@giIangmahesa @PNS_Ababil Nulis efisiensi dengan bener dulu.,1.94E+18,,giIangmahesa,in,,0,1,0,https://x.com/undefined/status/1941447878444187820,152971970,,netral
1.94E+18,Sat Jul 05 10:36:34 +0000 2025,1,@hnirankara Bukan Efisiensi hanya Realokasi dr anggaran utk kegiatan yg penting dan terencana direalokasi untuk kegiatan sesuai selera rejim tanpa outcome yg jelas. Sama aja kek duit ilang rain dr peredaran karena ditransfer utk topup judol.,1.94E+18,,hnirankara,in,,0,0,0,https://x.com/undefined/status/1941446097538515237,1.75E+18,,negatif
1.94E+18,Sat Jul 05 10:26:57 +0000 2025,0,@tempodotco Mungkin kurang tepat kalo dibilang efisiensi lebih tepat uangnya digunakan untuk sektor lain,1.94E+18,,tempodotco,in,,0,0,0,https://x.com/undefined/status/1941443674854048146,318939108,,netral
1.94E+18,Sat Jul 05 10:18:56 +0000 2025,6,@NarasiNewsroom Efisiensi cuma di daerah di pusat bancaa'an,1.94E+18,,NarasiNewsroom,in,,0,0,1,https://x.com/undefined/status/1941441659914613219,1468878222,,netral
1.94E+18,Sat Jul 05 10:13:39 +0000 2025,0,@hnirankara Efisiensi dgn kabinet gemuk aja sdh nganu,1.94E+18,,hnirankara,in,,0,0,0,https://x.com/undefined/status/1941440329120612728,1.50E+18,,netral
1.94E+18,Sat Jul 05 10:08:09 +0000 2025,0,@tempodotco Mau efisiensi? Coba tiru Argentina yg hapus useless ministry atau tiru Vietnam yg merge beberapa provinsi jadi 1 provinsi,1.94E+18,,tempodotco,in,,0,0,0,https://x.com/undefined/status/1941438946413822447,1.80E+18,,netral
1.94E+18,Sat Jul 05 10:07:14 +0000 2025,3,@hnirankara @Boediantar4 Tdk ada efisiensi bg DPR RI DPRD provinsi &amp; DPRD Kabupaten seluruh Indonesia yg hampir tiap hari keliling atas nama kunker yg tdk bnyk guna kecuali hanya habiskan anggaran ratusan trilyun utk bayar hotel pesawat &amp; uang saku. Bupati Gubernur hingga Presiden tdk berani negur.,1.94E+18,,hnirankara,in,,0,0,0,https://x.com/undefined/status/1941438714175160663,1.81E+18,,netral
1.94E+18,Sat Jul 05 10:06:41 +0000 2025,0,@tanyakanrl Tmnku auditor di pemkab kmrn story pulang dari kantor jam 9 malam mana katanya sppd(?) Dipotong separo karena efisiensi... kasihan dengernya mana ldr sama suami,1.94E+18,,tanyakanrl,in,,0,0,0,https://x.com/undefined/status/1941438576895697288,522070325,,netral
1.94E+18,Sat Jul 05 10:04:53 +0000 2025,0,@josem4rti gak terhindar dari efisiensi ,1.94E+18,,josem4rti,in,,0,0,0,https://x.com/undefined/status/1941438122472136898,1.84E+18,,netral
1.94E+18,Sat Jul 05 10:04:19 +0000 2025,1,@ardisatriawan Efisiensi tidak efektif karena nyatanya memang tidak ada Efisiensi. Yang ada adalah anggaran2 yang selama ini udah establised dan jelas penggunannya dialihkan ke proyek2 coba-coba serta kelompok lingkar dalam ,1.94E+18,,ardisatriawan,in,,0,0,0,https://x.com/undefined/status/1941437980427813061,1.51E+18,,negatif
1.94E+18,Sat Jul 05 10:02:41 +0000 2025,0,@tempodotco Efisiensi utk apa? Ya utk dikorupsilah... Maka wajar klo semakin digencarkan efisiensi maka makin gede jml korupsinya... Betul ga mbah @prabowo ??,1.94E+18,,tempodotco,in,,0,0,0,https://x.com/undefined/status/1941437571655139830,1.61E+18,,negatif
1.94E+18,Sat Jul 05 10:02:37 +0000 2025,0,@CNNIndonesia @grok kamu punya saran gak agar pemerintahan ini dikelola lebih profesional dan efisiensi mengedepankan meritokrasi dab menjauhi kkn. Mengapa zaman Soeharto itu milih menteri dan pejabat tinggi dari orang-orang ahli di bidangnya dan hanya sedikit yg backgroundnya politik?,1.94E+18,,CNNIndonesia,in,,0,1,0,https://x.com/undefined/status/1941437552667525240,344601410,,netral
1.94E+18,Sat Jul 05 09:55:44 +0000 2025,0,@tempodotco Pasti membesar efisiensi memperkecil besaran nya. Karena dialihkan untuk projek lain yg bisa memutar uang di dalam negeri. Hutang dan kewajiban yang ditinggalkan @jokowi pasti akan memperdalam defisit dan meroket hutang,1.94E+18,,tempodotco,in,,0,0,0,https://x.com/undefined/status/1941435821527269631,176951953,,negatif
1.94E+18,Sat Jul 05 09:43:45 +0000 2025,0,PAJAK TAMBAHAN EFISIENSI YG GUE BAYAR TERNYATA GUNANYA UNTUK NEMENIN ISTRI MENTERI JALAN-JALAN! KONTOL.,1.94E+18,,,in,,0,0,0,https://x.com/undefined/status/1941432805663310085,1.53E+18,,negatif
1.94E+18,Sat Jul 05 09:43:24 +0000 2025,0,@GoodTo_Gravity Minwon lagi efisiensi duitnya untuk resepsi 7 hari 7 malam,1.94E+18,,GoodTo_Gravity,in,,0,1,0,https://x.com/undefined/status/1941432715150336375,9.51E+17,,negatif
1.94E+18,Sat Jul 05 09:35:24 +0000 2025,5,@MurtadhaOne1 @liputan6dotcom Media makin banyak kena PHK. Karena suara kritis itu gak laku yang laku justru buzzer &amp; iklan kementerian. Demokrasi kita gak mati cuma disuruh mingkem dulu demi efisiensi.,1.94E+18,,MurtadhaOne1,in,,0,1,0,https://x.com/undefined/status/1941430703549448588,1.92E+18,,negatif
1.94E+18,Sat Jul 05 09:34:23 +0000 2025,1,yuji! kira kira bisa urus banding atau minta keringanan ukt ngga yaahh :( buat yang orang tuanya terdampak phk massal efisiensi tahun ini please enlighten me maaci,1.94E+18,,,in,,0,3,0,https://x.com/undefined/status/1941430446987804890,1.42E+18,,negatif
1.94E+18,Sat Jul 05 09:32:17 +0000 2025,0,Demi Investasi AI Microsoft Lakukan Efisiensi Besar dengan PHK 9 000 Karyawan! https://t.co/n6erNXeEvY,1.94E+18,,,in,,0,0,0,https://x.com/undefined/status/1941429918623203689,4019321358,,negatif
1.94E+18,Sat Jul 05 09:28:06 +0000 2025,0,@tempodotco Jd sebetulnya guna efisiensi itu apa sih bangsatttt,1.94E+18,,tempodotco,in,,0,0,0,https://x.com/undefined/status/1941428867115405816,414670227,,negatif
1.94E+18,Sat Jul 05 09:27:27 +0000 2025,0,@xzrhopalocera Ditengah efisiensi ini perjadin itu bagai oase ditengah gurun yang sangat tandus.,1.94E+18,,xzrhopalocera,in,,0,1,0,https://x.com/undefined/status/1941428705240416571,520957204,,netral
1.94E+18,Sat Jul 05 09:26:08 +0000 2025,1,$FET = https://t.co/vc48K6vtfv Autonomous agent &amp; AI Fokus ke efisiensi sistem #BybitIndonesia,1.94E+18,,,in,,0,0,0,https://x.com/undefined/status/1941428373600993329,903730254,,positif
1.94E+18,Sat Jul 05 09:15:27 +0000 2025,3,Katanya mahasiswa disuruh berkualitas berinovasi berdaya saing tapi ruang buat tumbuhnya malah dikurangi dananya dipotong. Lucu banget. Efisiensi nggak berarti nginjek mimpi banyak orang https://t.co/03Il8S8Ivx,1.94E+18,https://pbs.twimg.com/media/GvFUXz-bUAAPpp2.jpg,,in,,0,0,0,https://x.com/undefined/status/1941425685052215676,1.90E+18,,negatif
1.94E+18,Sat Jul 05 09:14:59 +0000 2025,0,yaiyalah yg buang2 duitnya kan elu elu pada yg disuruh efisiensi kita kocak. si bakal berhasil tuh,1.94E+18,,,in,,0,0,0,https://x.com/undefined/status/1941425567699763455,100951201,,negatif
1.94E+18,Sat Jul 05 09:07:01 +0000 2025,0,Lagian dah dbilangin ini bkn efisiensi tp relokasi anggaran ke pos2 yg diinginkan,1.94E+18,,,in,,0,0,0,https://x.com/undefined/status/1941423561312436555,195335790,,netral
1.94E+18,Sat Jul 05 09:04:41 +0000 2025,0,@NenkMonica Efisiensi itu buat lu semua istri gw anak gw emak n nyokap gw tetangga gw makan minum molor modol jalan-jalan keliling dunia ttg ditanggung negara paham klean gw sudah dapat restu Mulyono Wowo emang berani larang.....? ,1.94E+18,,NenkMonica,in,,0,0,0,https://x.com/undefined/status/1941422974093099477,153388685,,negatif
1.94E+18,Sat Jul 05 09:00:36 +0000 2025,0,@nsrlanas @BagasPratyaksaN Efisiensi ngosak-ngasik semua lini lur. ,1.94E+18,,nsrlanas,in,,0,0,0,https://x.com/undefined/status/1941421947629486248,336356887,,negatif
1.94E+18,Sat Jul 05 08:59:15 +0000 2025,0,Kita tahu kalau RTX 5090 adlh GPU consumer-grade terkencang saat ini. Tapi performa saja tidak cukup. Kita perlu lihat juga dari sisi fitur efisiensi pendinginan dan user experience secara keseluruhan. MANLI Gallardo GeForce RTX 5090 OC 32GB GDDR7 https://t.co/86qfDYBJ93 https://t.co/Qjpiw6TAbP,1.94E+18,https://pbs.twimg.com/media/GvFQjF4aAAQINMN.jpg,,in,,0,0,0,https://x.com/undefined/status/1941421607098229199,258702488,,positif
1.94E+18,Sat Jul 05 08:51:44 +0000 2025,0,@NannzZoya efek efisiensi,1.94E+18,,NannzZoya,in,,0,0,0,https://x.com/undefined/status/1941419714770764256,1.84E+18,,netral
1.94E+18,Sat Jul 05 08:46:30 +0000 2025,0,@NOTASLIMBOY Kendaraan dinas bisa super mewah. Efisiensi is a joke.,1.94E+18,,NOTASLIMBOY,in,,0,0,1,https://x.com/undefined/status/1941418399697117413,1.26E+18,,negatif
1.94E+18,Sat Jul 05 08:39:48 +0000 2025,1,@regar_op0sisi Efisiensi ya pak @prabowo ?,1.94E+18,,regar_op0sisi,es,,0,0,0,https://x.com/undefined/status/1941416711397441958,1.90E+18,,netral
1.94E+18,Sat Jul 05 08:36:49 +0000 2025,0,wdym univku meskipun swasta tp tahun lalu ppk bisa sampai nyentuh 10 proposal dan pkm bisa 40 proposal yg lolos tahun ini ppk o cm 3/4 dan pkm cm 2 proposal? that's all bcs efisiensi yg larinya ke hal yg katanya lbh penting drpd pendidikan wkkw,1.94E+18,,,in,,0,0,0,https://x.com/undefined/status/1941415960629608931,1.91E+18,,negatif
1.94E+18,Sat Jul 05 08:34:00 +0000 2025,0,@hnirankara Bukannya sebagian efisiensi batal malah ditambahkan,1.94E+18,,hnirankara,in,,0,0,0,https://x.com/undefined/status/1941415250567524861,134638027,,netral
1.94E+18,Sat Jul 05 08:32:01 +0000 2025,0,Tingkatkan efisiensi kerja Anda dengan Impact Makita 2 Baterai 86VF! https://t.co/f87mg3MvYl,1.94E+18,,,in,,0,0,0,https://x.com/undefined/status/1941414752120660455,1.90E+18,,positif
1.94E+18,Sat Jul 05 08:31:57 +0000 2025,0,@LexWu_13 Hancur lebur yg dibawah. Efisiensi tai kucing. Bohong!!,1.94E+18,,LexWu_13,in,,0,0,0,https://x.com/undefined/status/1941414734852653541,18822125,,negatif
1.94E+18,Sat Jul 05 08:31:50 +0000 2025,0,kaget bgt liat pengumuman ppk ormawa pkm dan ntah nanti p2mw bakal gmn. biasanya tiap univ bisa ada 100 lbh proposal yg lolos tahun ini bisa nyentuh 70 rasanya udh luar biasa skli. sungguh efek efisiensi yg sangat merugikan rakyat,1.94E+18,,,in,,0,1,0,https://x.com/undefined/status/1941414705907761436,1.91E+18,,negatif
1.94E+18,Sat Jul 05 08:31:35 +0000 2025,0,@crxotic PKM program kreativitas mahasiswa. Kek lomba research gitu tapi ada macem macem bidang. Tahun lalu lolos tapi tahun ini ga lolos huhu kelompok ku. Besar kemungkinan karena efek efisiensi,1.94E+18,,crxotic,in,,0,0,0,https://x.com/undefined/status/1941414644402606580,1.82E+18,,negatif
1.94E+18,Sat Jul 05 08:30:44 +0000 2025,0,Lah efisiensi buat apa ,1.94E+18,,,in,,0,0,0,https://x.com/undefined/status/1941414431566741781,633481067,,netral
1.94E+18,Sat Jul 05 08:28:45 +0000 2025,0,Lah coba ini pak @prabowo Setelah Efisiensi Defisit Anggaran Malah Membesar https://t.co/QfFF9D3BOb,1.94E+18,,,in,,0,0,0,https://x.com/undefined/status/1941413930955571656,1.34E+18,,negatif
1.94E+18,Sat Jul 05 08:16:33 +0000 2025,0,@tempodotco Efisiensi cuma utk rakyate ya percuma krn yg bikin jebol para pejabate sdri,1.94E+18,,tempodotco,in,,0,0,0,https://x.com/undefined/status/1941410861953974681,1.84E+18,,negatif
1.94E+18,Sat Jul 05 08:12:36 +0000 2025,0,@NOTASLIMBOY jajaran direksinya orang hasil bagi2 jabatan.. efisiensi tu ,1.94E+18,,NOTASLIMBOY,in,,0,0,0,https://x.com/undefined/status/1941409867635491080,247679526,,negatif
1.94E+18,Sat Jul 05 08:11:08 +0000 2025,21,@democrazymedia Yaelah lebay selebay kabinet gemuk boros suka foya2 tapi bilangnya efisiensi,1.94E+18,,democrazymedia,in,,0,0,0,https://x.com/undefined/status/1941409495990796492,1.91E+18,,negatif
1.94E+18,Sat Jul 05 08:09:13 +0000 2025,0,@NOTASLIMBOY @prabowo harusnya demi efisiensi seluruh komisaris dan direksi BUMN itu di gaji hitungan persen jika memberi keuntungan. Jika tidak untuk beri gaji setara UMR saja,1.94E+18,,NOTASLIMBOY,in,,0,0,0,https://x.com/undefined/status/1941409014530920488,261160991,,negatif
1.94E+18,Sat Jul 05 08:08:04 +0000 2025,0,@WatchmenID @ceritafilms Pengen nonton sore karena emang pengen banget dari dulu dan pengen menang GA nya juga. Karena kalo gak menang kaya gak mungkin banget bisa nonton dengan gaji saya yang sekarang kena efisiensi. Mau ngajak siapa? Tentu saja temen kalo gak saudara sendiri ,1.94E+18,,WatchmenID,in,,0,0,0,https://x.com/undefined/status/1941408725862146411,1641721194,,negatif
1.94E+18,Sat Jul 05 08:05:00 +0000 2025,0,@ArfianAye @TfYogyakarta @merapi_uncover @dishubdiy @kominfodiy @humas_jogja @dprd_diy Iso saiki bus efisiensi Unite euro 4 kabeh termasuk mercy 1626 nek hino hino RM 280 abs. Kabeh truk yo wes euro 4 kabeh. Aturan wes seko 2021. Euro 5 wae ngombene jek bio solar. Kae kabeh chasis bus tronton Scania volvo mercedes-benz MAN euro 5 tapi do ngombe bio,1.94E+18,,ArfianAye,in,,0,1,0,https://x.com/undefined/status/1941407954684739875,1735258891,,netral
1.94E+18,Sat Jul 05 08:04:38 +0000 2025,11,@PNS_Ababil HOMEBASE TUKIN EFISIENSI ESKAPE MUTASI KKM HKM JABFUNG GRADE,1.94E+18,,PNS_Ababil,in,,0,1,3,https://x.com/undefined/status/1941407861428584572,97646351,,netral
1.94E+18,Sat Jul 05 08:03:59 +0000 2025,0,@kompascom Nih bu Sri Mulyani hasil efisiensi nya,1.94E+18,,kompascom,in,,0,0,0,https://x.com/undefined/status/1941407698597315064,1.09E+18,,netral
1.94E+18,Sat Jul 05 08:03:07 +0000 2025,0,@rimapurwasih Mentri+orng kesayangan jkw d lawan Y gk bakalan kuat Akn mengejar koruptor smpe ke antartika cman omon-omon efisiensi cman d terapkan untk rakyat doang sedangkan pejabat nya d fasilitasi sangat royal,1.94E+18,,rimapurwasih,in,,0,0,0,https://x.com/undefined/status/1941407478501212462,1.91E+18,,negatif
1.94E+18,Sat Jul 05 08:00:01 +0000 2025,0,3. Kebijakan yang dirumuskan jangan hanya bertumpu pada analisis angka dan efisiensi tapi harus didasari oleh rasa sebagai bangsa. Dengan demikian kita dapat memastikan bahwa setiap anggaran yang dialokasikan untuk Papua mampu menghadirkan rasa keadilan tulus bagi masyarakat di,1.94E+18,,PDI_Perjuangan,in,,0,1,0,https://x.com/undefined/status/1941406698154909818,153407983,,positif
1.94E+18,Sat Jul 05 07:55:59 +0000 2025,0,Ketimpangan efek efisiensi,1.94E+18,,,in,,0,0,0,https://x.com/undefined/status/1941405683590758724,1.28E+18,,negatif
1.94E+18,Sat Jul 05 07:49:55 +0000 2025,0,Mulai dari otomatisasi desain hingga efisiensi stok bahan pabrik garment kini makin gesit. Bahkan model konveksi kaos yang fleksibel bisa melayani pesanan dalam jumlah kecil tapi tetap rapi. Selengkapnya bisa dibaca di:https://t.co/Pyhfz25ue7,1.94E+18,,anggasebas_,in,,0,0,0,https://x.com/undefined/status/1941404157837181206,1.93E+18,,positif
1.94E+18,Sat Jul 05 07:45:57 +0000 2025,0,Efisiensi taek.,1.94E+18,,,es,,0,0,0,https://x.com/undefined/status/1941403160272404853,1.16E+18,,negatif
1.94E+18,Sat Jul 05 07:39:46 +0000 2025,0,ada efisiensi yg dibahas pekerja bawah,1.94E+18,,,in,,0,0,0,https://x.com/undefined/status/1941401603749404976,1.26E+18,,netral
1.94E+18,Sat Jul 05 07:33:14 +0000 2025,0,@ardisatriawan Ini uda efisiensi. Justru tanpa efisiensi bakal lebih besar lagi.,1.94E+18,,ardisatriawan,in,,0,0,0,https://x.com/undefined/status/1941399961440223332,1.27E+18,,positif
1.94E+18,Sat Jul 05 07:31:40 +0000 2025,0,@ASuriadiwangsa7 @ARSIPAJA @ASuriadiwangsa7 Setuju di tengah upaya efisiensi anggaran hal seperti ini menimbulkan kekecewaan publik. Menteri klarifikasi bahwa biaya pribadi dan tak tahu asal surat tapi penggunaan staf kedutaan tetap butuh akuntabilitas. Semoga ada penyelidikan menyeluruh untuk,1.94E+18,,ASuriadiwangsa7,in,,0,0,0,https://x.com/undefined/status/1941399567037235522,1.72E+18,,negatif
1.94E+18,Sat Jul 05 07:31:03 +0000 2025,0,@NOTASLIMBOY Efisiensi tapi ,1.94E+18,,NOTASLIMBOY,in,,0,0,0,https://x.com/undefined/status/1941399410015105294,1.76E+18,,negatif
1.94E+18,Sat Jul 05 07:29:54 +0000 2025,0,@grok @ARSIPAJA Pendapat ku juga sama ditengah tengah efisiensi anggaran eh ini malah begini sangat kecewa,1.94E+18,,grok,in,,0,1,0,https://x.com/undefined/status/1941399121543430590,1.91E+18,,negatif
1.94E+18,Sat Jul 05 07:29:19 +0000 2025,0,@PNS_Ababil percepatan efisiensi penyetaraan .,1.94E+18,,PNS_Ababil,in,,0,0,0,https://x.com/undefined/status/1941398975447540160,194512044,,netral
1.94E+18,Sat Jul 05 07:26:29 +0000 2025,0,efisiensi penyetaraan percepatan perkontolan,1.94E+18,,,in,,0,0,0,https://x.com/undefined/status/1941398261153267987,194512044,,negatif
1.94E+18,Sat Jul 05 07:25:53 +0000 2025,1,@HumorJonTampan Itulah definisi dari efisiensi menurut engkong wowo,1.94E+18,,HumorJonTampan,in,,0,1,0,https://x.com/undefined/status/1941398111680856300,1601687737,,negatif
1.94E+18,Sat Jul 05 07:21:43 +0000 2025,0,@G_minton Beneran efisiensi anggaran ,1.94E+18,,G_minton,in,,0,1,0,https://x.com/undefined/status/1941397062140199246,1193291725,,netral
1.94E+18,Sat Jul 05 07:20:54 +0000 2025,1,@NgkongRoses mungkin ada efisiensi pembayaran ataukah tugasnya ditambah mencari jarum ditumpukan jerami?,1.94E+18,,NgkongRoses,in,,0,1,0,https://x.com/undefined/status/1941396855574950373,1.41E+18,,netral
1.94E+18,Sat Jul 05 06:21:43 +0000 2025,2,@Boediantar4 katanya efisiensi anggaran...lah itu pengamanannya aja udh bikin boros,1.94E+18,,Boediantar4,in,,0,0,0,https://x.com/undefined/status/1941381962821927317,1.73E+18,,negatif
1.94E+18,Sat Jul 05 06:20:12 +0000 2025,1,@_Nayanika27_ @prabowo Visi dan misi harus tetap jalan sebagaimana mestinya tantangan bukan masalah tapi aura hidup baru di tengah efisiensi anggaran,1.94E+18,,_Nayanika27_,in,,0,0,0,https://x.com/undefined/status/1941381578988585128,1.49E+18,,positif
1.94E+18,Sat Jul 05 06:18:56 +0000 2025,0,@ar_kana_ Efisiensi =/= Korupsi. Efisiensi itu cuma jalur baru yang harusnya ditutup dari keran pusat.,1.94E+18,,ar_kana_,in,,0,0,0,https://x.com/undefined/status/1941381261177802799,1.87E+18,,netral
1.94E+18,Sat Jul 05 06:18:55 +0000 2025,1,@_Nayanika27_ @prabowo Semoga ada kejutan baru setelah efisiensi anggaran ApBN,1.94E+18,,_Nayanika27_,in,,0,0,0,https://x.com/undefined/status/1941381258745086395,1.26E+18,,positif
1.94E+18,Sat Jul 05 06:17:55 +0000 2025,0,@tanyakanrl Seri: Anker PowerCore Magnetic Wireless atau Anker PowerCore III Kelebihan: Dikenal awet teknologi MultiProtect safety system efisiensi charging tinggi. Kekurangan: Harganya sedikit lebih mahal tapi sepadan. https://t.co/lD7KfzlrXo,1.94E+18,,tanyakanrl,in,,0,0,0,https://x.com/undefined/status/1941381003567878415,78518925,,positif
1.94E+18,Sat Jul 05 06:11:19 +0000 2025,0,ini skrng cafe2 di surabaya emg efisiensi listrik kah? panas bgt anjir AC nya cuma dinyalain sebagian,1.94E+18,,,in,,0,1,0,https://x.com/undefined/status/1941379343319711966,1.89E+18,,negatif
1.94E+18,Sat Jul 05 06:02:55 +0000 2025,0,@tempodotco Efisiensi ? Pret,1.94E+18,,tempodotco,es,,0,0,0,https://x.com/undefined/status/1941377231290499204,1042244700,,negatif
1.94E+18,Sat Jul 05 06:02:53 +0000 2025,6,Menkeu Sri Mulyani: APBN 2025 Penuh Tantangan Faktor utama: Turunnya windfall komoditas Kebutuhan belanja strategis pemerintahan baru Di bawah kepemimpinan Presiden @prabowo efisiensi &amp; reformasi jd kunci Tantangan besar menanti tapi visi besar tak boleh mundur https://t.co/gWJKWj0LoB,1.94E+18,https://pbs.twimg.com/media/GvEoS4-XIAA9wxP.jpg,,in,,0,2,5,https://x.com/undefined/status/1941377222868447737,3067949546,,positif
1.94E+18,Sat Jul 05 06:02:42 +0000 2025,3,@kumparan Ya emang rendah. Punya duit kan buat jalan2 ke luar negeri? Pake lah itu duit sendiri. Lagian bos ente lagi gembar gembor efisiensi terutama perjalanan dinas lah ini malah mau pergi ke luar negeri. Otak dipake dong ya harusnya,1.94E+18,,kumparan,in,,0,0,0,https://x.com/undefined/status/1941377174805807206,1.21E+18,,negatif
1.94E+18,Sat Jul 05 06:00:28 +0000 2025,4,@DefTechDudes MICA IR . Yang Varian aktif kalau niat pakai Meteor di coret aja efisiensi... ‍,1.94E+18,,DefTechDudes,in,,0,1,0,https://x.com/undefined/status/1941376612563550560,172832530,,netral
1.94E+18,Sat Jul 05 06:00:00 +0000 2025,0, Butuh laporan real‑time? Pantau absensi pemasukan pengeluaran dan progress proyek dalam satu tampilan. All‑in‑one untuk efisiensi maksimal. https://t.co/Pm0HmiprQE,1.94E+18,,,in,,0,0,0,https://x.com/undefined/status/1941376498360856735,1.52E+18,,positif
1.94E+18,Sat Jul 05 05:57:26 +0000 2025,0,@tempodotco Efisiensi tai kuda,1.94E+18,,tempodotco,in,,0,0,0,https://x.com/undefined/status/1941375849472852002,1.74E+18,,negatif
1.94E+18,Sat Jul 05 05:57:07 +0000 2025,0,@tempodotco Efisiensi tai kucing,1.94E+18,,tempodotco,in,,0,0,0,https://x.com/undefined/status/1941375769600762211,1.74E+18,,negatif
1.94E+18,Sat Jul 05 05:54:09 +0000 2025,4,Menunggu berita pejabat kaget Rakyat mah udah tahu kalau efisiensi = korupsi,1.94E+18,,,in,,0,1,1,https://x.com/undefined/status/1941375024671359316,1445265956,,negatif
1.94E+18,Sat Jul 05 05:48:22 +0000 2025,0,Lah gak jadi efisiensi tapi bagus lah.,1.94E+18,,,in,,0,0,0,https://x.com/undefined/status/1941373568362873287,1.58E+18,,positif
1.94E+18,Sat Jul 05 05:47:51 +0000 2025,0,Pegawainya pada kena potong anggaran karna efisiensi. Eh ini istri menteri kelakuannya hadeh... Untung aja ketahuan. Yg belum ketahuan banyak tuh ,1.94E+18,,,in,,0,0,0,https://x.com/undefined/status/1941373440394658213,1039480058,,negatif
1.94E+18,Sat Jul 05 05:45:05 +0000 2025,0,efisiensi malah defisit. lucu,1.94E+18,,,in,,0,0,0,https://x.com/undefined/status/1941372743330693524,297967265,,negatif
1.94E+18,Sat Jul 05 05:44:19 +0000 2025,0,@tempodotco Efisiensi hanyalah berlaku bagi rakyat miskin horang kaya mah mana mau kena efisiensi,1.94E+18,,tempodotco,in,,0,0,0,https://x.com/undefined/status/1941372548421386249,1.56E+18,,negatif
1.94E+18,Sat Jul 05 05:44:15 +0000 2025,0,Ini ijazah asli bukan foto copy apalagi palsu cuma kertasnya beda dengan yg keluaran sebelumnya. Mungkinkah karena efek efisiensi?? https://t.co/2H7pPKzkLo,1.94E+18,https://pbs.twimg.com/media/GvEkB_5XYAEmrE5.jpg,,in,,0,0,0,https://x.com/undefined/status/1941372533737205949,1.14E+18,,negatif
1.94E+18,Sat Jul 05 05:41:53 +0000 2025,,@tempodotco efisiensi tae lah! bus ini yg benar/asli efisiensi hehe.. https://t.co/3UnOQ2Bg05,1.94E+18,https://pbs.twimg.com/media/GvEhh0dXAAAEqcI.jpg,tempodotco,in,,0,0,0,https://x.com/undefined/status/1941371937735036987,1.71E+18,,negatif
1.94E+18,Sat Jul 05 04:50:38 +0000 2025,0,Lha kok iso? Wkwkwkwkwk... Bar efisiensi yo normale nambah nek ora yo ora kangelan banget. Lha iki malah nambah defisit wkwkwkwk...,1.94E+18,,,in,,0,0,0,https://x.com/undefined/status/1941359039348343085,1.24E+18,,negatif
1.94E+18,Sat Jul 05 04:49:16 +0000 2025,0,@tung3xjuan Riyal ak skali krn udah kebiasaan solo tim dr jaman sekolah kalo ada kerkombukan keengga bisanya kerjasama tp lebih ke... efisiensi waktu aja sih. Lebih cepey kalo ngerjain sendiri sisanya kan enak bisa nyangtei n me time~,1.94E+18,,tung3xjuan,in,,0,1,0,https://x.com/undefined/status/1941358696103379060,1.20E+18,,positif
1.94E+18,Sat Jul 05 04:49:16 +0000 2025,0,Model dual-token Neo: $NEO untuk voting dan governance $GAS untuk membayar biaya transaksi dan smart contract $NEO tidak bisa dibagi sementara $GAS bisa. Struktur ini bantu menjaga efisiensi dan stabilitas ekosistem. https://t.co/3gnaAnEs8J,1.94E+18,https://pbs.twimg.com/media/GvEXcXNaAAArMoq.jpg,Fortelune,in,,0,1,0,https://x.com/undefined/status/1941358694027100468,1.83E+18,,positif
1.94E+18,Sat Jul 05 04:49:07 +0000 2025,7,@ardisatriawan Efisiensi yang harusnya tdk boleh diefisiensikan dana hasil efisiensi itu malah di alokasikan ke mbg danantara dan koperasi.. Ehh malah bengkak minta dana terus di 3 tempat itu..,1.94E+18,,ardisatriawan,in,,0,0,0,https://x.com/undefined/status/1941358660191670706,1.70E+18,,negatif
1.94E+18,Sat Jul 05 04:46:22 +0000 2025,0,@tempodotco efisiensi itu gak ada itu cuma mempercantik bahasa dan membuat kesan pemerintah concern buat tekan anggaran laporan keuangan dan kenyataan dilapangan kan punya buku besar nya sendiri. jadi emang gak akan pernah ada efisiensi. kalo pun ada cuma seminggu doang,1.94E+18,,tempodotco,in,,0,0,0,https://x.com/undefined/status/1941357965698887875,2980888980,,negatif
1.94E+18,Sat Jul 05 04:45:16 +0000 2025,0,@tempodotco Efisiensi cuma kedok kah maniez?? ,1.94E+18,,tempodotco,in,,0,0,0,https://x.com/undefined/status/1941357688786665761,195279695,,negatif
1.94E+18,Sat Jul 05 04:44:43 +0000 2025,0,Efisiensi tapi ga tepat sasaran si anjg,1.94E+18,,,in,,0,0,0,https://x.com/undefined/status/1941357551192559836,1.72E+18,,negatif
1.94E+18,Sat Jul 05 04:39:17 +0000 2025,1185,Terus gunanya efisiensi apa? Bayarin pejabat? Wakil menteri sekaligus komisaris?,1.94E+18,,,in,,5,28,392,https://x.com/undefined/status/1941356185342574813,170542374,,negatif
1.94E+18,Sat Jul 05 04:38:46 +0000 2025,0,@ARSIPAJA Efisiensi betul,1.94E+18,,ARSIPAJA,in,,0,0,0,https://x.com/undefined/status/1941356055264694530,7.80E+17,,netral
1.94E+18,Sat Jul 05 04:37:16 +0000 2025,0,@TirtoID makin hari makin banyak aja pejabat ugal-ugalan seenaknya sendiri pake duit rakyat katanya efisiensi tapi ga ngotak bikin ulah mulu,1.94E+18,,TirtoID,in,,0,0,0,https://x.com/undefined/status/1941355677739516155,502661922,,negatif
1.94E+18,Sat Jul 05 04:32:30 +0000 2025,0,Jika hanya duduk manis maka bekoar-koar tentang efisiensi adalah OMONG kOSONG. Harusnya malu.....,1.94E+18,,,in,,0,0,0,https://x.com/undefined/status/1941354478172766553,111449759,,negatif
1.94E+18,Sat Jul 05 04:28:33 +0000 2025,0,@fffbbbbbbbbbbbb @merapi_uncover Bus po efisiensi tujuan celacap,1.94E+18,,fffbbbbbbbbbbbb,in,,0,0,0,https://x.com/undefined/status/1941353480876343697,1.91E+18,,netral
1.94E+18,Sat Jul 05 04:26:59 +0000 2025,0,bokap gue dari pagi udah nyapnyap aja perkara ditelpon tmn2nya soal efisiensi dana pensiun udah gue bilang jangan milih 02 kan kalian yg milih keberlanjutan kenapa gue yg ribet skarang ,1.94E+18,,,in,,0,0,0,https://x.com/undefined/status/1941353089661010114,1.82E+18,,negatif
1.94E+18,Sat Jul 05 04:26:11 +0000 2025,1,@_1902fm @worksfess Coba yang bbvp kak BLK sekarang dananya terbatas kak karena adanya efisiensi anggaran dari pusat,1.94E+18,,_1902fm,in,,0,0,0,https://x.com/undefined/status/1941352887004823989,1.82E+18,,negatif
1.94E+18,Sat Jul 05 04:24:48 +0000 2025,0,@tempodotco Efisiensi adalah alibi doang,1.94E+18,,tempodotco,in,,0,0,0,https://x.com/undefined/status/1941352540022636597,1.90E+18,,negatif
1.94E+18,Sat Jul 05 04:22:48 +0000 2025,1,@yourboydinn Jelas taun ini dicut habis2an. Yg pkm level univ aja beneran abis udh. Biasa kata temenku utk level univ bisa 5 tim taun ini cuma 1 tim dr prodiku. Sad sekali. Beneran dicut krn efisiensi. #pemerintahindonesialaknatullah,1.94E+18,,yourboydinn,in,,0,0,0,https://x.com/undefined/status/1941352034000949398,1.89E+18,,negatif
1.94E+18,Sat Jul 05 04:21:39 +0000 2025,0,@tempodotco Katanya efisiensi kok malah makin besar defisitnya? @KemenkeuRI @prabowo?,1.94E+18,,tempodotco,in,,0,0,0,https://x.com/undefined/status/1941351747626369298,925291140,,negatif
1.94E+18,Sat Jul 05 03:36:49 +0000 2025,0,@jess__brew Mang napa Jess kena efisiensi kah,1.94E+18,,jess__brew,tl,,0,0,0,https://x.com/undefined/status/1941340463560262111,3195446463,,netral
1.94E+18,Sat Jul 05 03:36:02 +0000 2025,0,Klo rakyat tau alasan presiden mengambil langkah ekstream utk org² kaya tuh rakyat pun memaklumi ini kan endak malah rakyat yg dibikin mati sma prabowo ni dgn efisiensi atau apalah itu yg hasilnya malah defisit wkwk,1.94E+18,,ediaoe1,in,,0,0,0,https://x.com/undefined/status/1941340265530503385,753077539,,negatif
1.94E+18,Sat Jul 05 03:35:30 +0000 2025,0,@haninrwd @ARSIPAJA betul kak. ini efisiensi. mana dia pake kalimat wallahi segala dengan nada begitu komuk.,1.94E+18,,haninrwd,in,,0,0,0,https://x.com/undefined/status/1941340130310283264,1.11E+18,,negatif
1.94E+18,Sat Jul 05 03:33:38 +0000 2025,0,@freezyfield Efisiensi APBN aja utang malah bertambah ini ngasih rumah tinggal lahan modal usaha fasilitas pendidikan pelatihan kerja cape cape orang usaha masuk kerje ke perusahaan besar buat dapet beberapa fasilitas kek begitu ini cuma pindah tempat tinggal dapet semua ,1.94E+18,,freezyfield,in,,0,0,0,https://x.com/undefined/status/1941339663597437038,9.70E+17,,negatif
1.94E+18,Sat Jul 05 03:32:49 +0000 2025,0,prinsip efisiensi,1.94E+18,,,lt,,0,0,0,https://x.com/undefined/status/1941339456533037127,1.22E+18,,netral
1.94E+18,Sat Jul 05 03:32:02 +0000 2025,0,@ARSIPAJA kita yg rakyat jelata di rumahkan dengan alasan efisiensi :',1.94E+18,,ARSIPAJA,in,,0,0,0,https://x.com/undefined/status/1941339259845345373,1.51E+18,,negatif
1.94E+18,Sat Jul 05 03:31:44 +0000 2025,0,Kalo mau efisiensi tuh pasangan dari pejabat itu ga perlu dikasih fasilitas kaya pasangannya ga sih. Ini emang mau jalan jalan aja dibungkus kegiatan bla bla bla. Suudzon? Harus lah buat pejabat2 negara ini.,1.94E+18,,,in,,0,0,0,https://x.com/undefined/status/1941339185094459577,69307625,,negatif
1.94E+18,Sat Jul 05 03:31:41 +0000 2025,4,@tempodotco @Mriyusekali Tuh lembaga polri ga kena efisiensi.... malah beli anjing anjingan... wkwkwk,1.94E+18,,tempodotco,in,,0,1,0,https://x.com/undefined/status/1941339170313732337,1.45E+18,,negatif
1.94E+18,Sat Jul 05 03:25:12 +0000 2025,1,Efisiensi Operasional dan Distribusi Logistik TPS Terapkan Terminal Booking System https://t.co/YMimc2PbAU,1.94E+18,,,in,,0,1,0,https://x.com/undefined/status/1941337541015433452,118646322,,positif
1.94E+18,Sat Jul 05 03:22:57 +0000 2025,0,@tempodotco Dibilangin efisiensi itu rumah dinas tuh.,1.94E+18,,tempodotco,in,,0,0,0,https://x.com/undefined/status/1941336975770022132,8.62E+17,,negatif
1.94E+18,Sat Jul 05 03:11:33 +0000 2025,0,Jatim Media Summit 2025 datang lagi! Bahas inovasi &amp; revenue di tengah efisiensi. Surabaya | ️ 17 Juli 2025 | ⏰ 09.00 - 18.00 WIB Jangan sampai ketinggalan! Yuk daftar sekarang~ #JatimMediaSummit2025 https://t.co/hMUiaW5L6J,1.94E+18,https://pbs.twimg.com/amplify_video_thumb/1941333846286364672/img/V4htdFb5OrGCB1Sm.jpg,,in,,0,0,0,https://x.com/undefined/status/1941334104945066442,21287066,,netral
1.94E+18,Sat Jul 05 03:09:18 +0000 2025,0,efisiensi taekk,1.94E+18,,,no,,0,0,0,https://x.com/undefined/status/1941333539024404767,1.27E+18,,negatif
1.94E+18,Sat Jul 05 03:05:16 +0000 2025,0,SIAP EFISIENSI #SIKAP #PAHAM,1.94E+18,,,in,,0,0,0,https://x.com/undefined/status/1941332524803977278,1.92E+18,,netral
1.94E+18,Sat Jul 05 03:01:30 +0000 2025,0,@tempodotco Iya kenapa jd defisit pdhl udh efisiensi,1.94E+18,,tempodotco,in,,0,0,0,https://x.com/undefined/status/1941331573841985773,1.17E+18,,negatif
1.94E+18,Sat Jul 05 03:01:16 +0000 2025,5,@tempodotco Prakteknya kan Efisiensi ️ Realokasi ️,1.94E+18,,tempodotco,in,,0,1,0,https://x.com/undefined/status/1941331517315350611,1.80E+18,,netral
1.94E+18,Sat Jul 05 02:57:15 +0000 2025,0,@ARSIPAJA Presidennya gagap menterinya ga kompeten Komplit lah menuju Indonesia gelap intinya Investor ga percaya pemerintah RI Gitu aja boro2 19 juta lapangan kerja yg ada perusahaan2 yg ada melalukan efisiensi teemasuk PHK karena pasar lesu.,1.94E+18,,ARSIPAJA,in,,0,0,0,https://x.com/undefined/status/1941330506966311196,83857984,,negatif
1.94E+18,Sat Jul 05 02:56:14 +0000 2025,0,@BuchroniK @democrazymedia Padahal banyak ngomong efisiensi ganti nama itu Proyek korupsi ganti logo ganti kop surat ganti plang dll,1.94E+18,,BuchroniK,in,,0,0,0,https://x.com/undefined/status/1941330251998699619,1.54E+18,,negatif
1.94E+18,Sat Jul 05 02:55:47 +0000 2025,0,@Boediantar4 Katanya efisiensi? MANA @prabowo,1.94E+18,,Boediantar4,tl,,0,0,0,https://x.com/undefined/status/1941330138077200820,430046959,,negatif
1.94E+18,Sat Jul 05 02:53:01 +0000 2025,0,@tempodotco Efisiensi cuma di mulut doang kebanyakan omon omon gemoy . https://t.co/EgWKSqvboW,1.94E+18,https://pbs.twimg.com/tweet_video_thumb/GvD81UEXUAAXXwn.jpg,tempodotco,in,,0,1,0,https://x.com/undefined/status/1941329441898233898,53713023,,negatif
1.94E+18,Sat Jul 05 02:52:55 +0000 2025,0,Oh jadi potong anggaran sampe efisiensi sana sini tu buat yang kek begini?,1.94E+18,,,in,,0,0,0,https://x.com/undefined/status/1941329413754556589,1.21E+18,,negatif
1.94E+18,Sat Jul 05 02:48:44 +0000 2025,0,Bukan efisiensi sesungguhnya tapi pengalihan anggaran ke kroni2,1.94E+18,,,in,,0,0,0,https://x.com/undefined/status/1941328362284384770,1.78E+18,,negatif
1.94E+18,Sat Jul 05 02:48:38 +0000 2025,1,negara aja kena efisiensi apalagi kkn,1.94E+18,,,in,,0,0,0,https://x.com/undefined/status/1941328339362549811,1.60E+18,,negatif
1.94E+18,Sat Jul 05 02:47:53 +0000 2025,0,Thanks mbg thanks efisiensi thanks to everyone who is responsible to this fuckin weird KKN ,1.94E+18,,,en,,0,0,0,https://x.com/undefined/status/1941328148743979410,1.34E+18,,negatif
1.94E+18,Sat Jul 05 02:42:22 +0000 2025,0,@CacingWormy @txtdrimedia 1. Dilarang Sakit : susah claim bpjs karna udh di korupsi 2. Dilarang Punya Anak : perlu biaya bnyk sedangkan standart gaji di indonesia nggak ngotak karna pemerintah nggak tegas sama pelaku usaha 3. Dilarang Sekolah Tinggi-tinggi : karna beasiswa kena efisiensi,1.94E+18,,CacingWormy,in,,0,0,0,https://x.com/undefined/status/1941326760567767522,1.13E+18,,negatif
1.94E+18,Sat Jul 05 02:33:14 +0000 2025,0,@sila1sil Misi budaya? Feedback yang didapat setelah kunjungan ini apa yh kira2? Efisiensi ah sudahlah...,1.94E+18,,sila1sil,in,,0,0,0,https://x.com/undefined/status/1941324461883773428,1.79E+18,,negatif
1.94E+18,Sat Jul 05 02:32:22 +0000 2025,0,@MartabakMatcha @BNI efisiensi wkw,1.94E+18,,MartabakMatcha,in,,0,0,0,https://x.com/undefined/status/1941324243612098644,1399746290,,netral
1.94E+18,Sat Jul 05 02:31:20 +0000 2025,0,@napoleon_ignis @mojokdotco Fitra Eri aja gak pernah bahas bau India yang dibahas malah efisiensi dan kenyamanannya,1.94E+18,,napoleon_ignis,in,,0,0,0,https://x.com/undefined/status/1941323985897259262,1.87E+18,,positif
1.94E+18,Sat Jul 05 02:31:13 +0000 2025,0,https://t.co/v6L9XwOhcX Defisit APBN makin besar pdhl sudah efisiensi. Menurut bu SMI pengeluaran justru membesar krn program MBG Sekolah Rakyat dan Ketahanan Pangan. Yg tdk disampaikan ada jg anggaran bengkak krn byknya Satgas nir kompeten. Negeri ini jelas sedang dirampok,1.94E+18,,,in,,0,0,0,https://x.com/undefined/status/1941323954339315852,44057187,,negatif
1.94E+18,Sat Jul 05 02:30:00 +0000 2025,283,Defisit APBN tahun ini menjadi Rp 662 triliun hampir 3 persen. Buat apa efisiensi? #TempoPlus https://t.co/hUHC1skvCq,1.94E+18,,,in,,5,49,111,https://x.com/undefined/status/1941323647647404523,18129942,,negatif
1.94E+18,Sat Jul 05 02:29:08 +0000 2025,0,Lamar kerja = siap utk face to face/ketemu secara offline dgn interviewer kalo kepanggil. Sama skali ga ngarepin interview online tp klo dpt ya syukur soalnya emg efisiensi waktu &amp; ga ngongkos. Klo ga bs online &amp; ga mampu ngongkos ke lokasi interview ya pasrah bukan rejeki.,1.94E+18,,vnillakiss,in,,0,1,0,https://x.com/undefined/status/1941323432316240015,1.68E+18,,positif
1.94E+18,Sat Jul 05 02:27:57 +0000 2025,1,@SoftWarNews Goblok banget dari segala sisi dari sisi kemanusiaan gobloknya luar biasa dari sisi efisiensi dari sisi daya rusak... sumpah tolol banget,1.94E+18,,SoftWarNews,in,,0,1,0,https://x.com/undefined/status/1941323133094592608,1.29E+18,,negatif
1.94E+18,Sat Jul 05 02:27:46 +0000 2025,0,@yat_ever Bagus! Bismillah mari kita mulai. Untuk kolaborasi jasa transporter dengan armada APV Blind Van Long CDD di rute Lampung-Jawa-Bali saya bisa bantu rencana bisnis optimalisasi rute via AI dan tips efisiensi. Apa langkah pertama yang Anda inginkan? Misalnya estimasi biaya atau,1.94E+18,,yat_ever,in,,0,1,0,https://x.com/undefined/status/1941323085812285813,1.72E+18,,positif
1.94E+18,Sat Jul 05 02:24:05 +0000 2025,0,Enaknya jadi keluarga pejabat. Dapat ini itu dari negara yang uangnya dari rakyat. #omonomon #efisiensi,1.94E+18,,,in,,0,0,0,https://x.com/undefined/status/1941322161438023904,1.59E+18,,negatif
1.94E+18,Sat Jul 05 02:23:54 +0000 2025,0,@supernovin Lagi efisiensi pake logo tahun kemarin haha,1.94E+18,,supernovin,in,,0,1,0,https://x.com/undefined/status/1941322113706762384,109750429,,negatif
1.94E+18,Sat Jul 05 02:22:01 +0000 2025,4,Padahal gembar-gembornya efisiensi ,1.94E+18,,,in,,0,0,0,https://x.com/undefined/status/1941321637904986274,1272246396,,negatif
1.94E+18,Sat Jul 05 02:21:30 +0000 2025,1,@llennzzzz heyy isokeyy gagal itu part of the process. n i guess PKM kemarin tuu not cuz ide/proposal km yg kurang cmn kena efisiensi aja (slepet noh pemerintah),1.94E+18,,llennzzzz,in,,0,1,0,https://x.com/undefined/status/1941321509689266516,1.52E+18,,negatif
1.94E+18,Sat Jul 05 02:21:21 +0000 2025,0,@yat_ever Manfaat jasa transporter meliputi: 1) Efisiensi waktu dengan rute optimal via GPS; 2) Akses info real-time seperti lalu lintas dan cuaca; 3) Pengurangan stres berkat dukungan AI untuk navigasi; 4) Pengalaman interaktif yang mendidik dan menghibur; 5) Potensi bonus dari efisiensi,1.94E+18,,yat_ever,in,,0,1,0,https://x.com/undefined/status/1941321470879363107,1.72E+18,,positif
1.94E+18,Sat Jul 05 02:15:36 +0000 2025,0,mana ada efisiensi. yg ada potong sanasini jd mbg,1.94E+18,,,in,,0,0,0,https://x.com/undefined/status/1941320024448434635,233524760,,negatif
1.94E+18,Sat Jul 05 02:14:10 +0000 2025,0,@yat_ever Selain gaji keuntungan jasa transporter Grok termasuk efisiensi waktu akses informasi real-time pengurangan stres perjalanan dan pengalaman interaktif yang menyenangkan. Apa aspek spesifik yang ingin Anda ketahui?,1.94E+18,,yat_ever,in,,0,1,0,https://x.com/undefined/status/1941319664371712010,1.72E+18,,positif
1.94E+18,Sat Jul 05 02:08:00 +0000 2025,1,gini secara label memang efisiensi. tapi secara konsep bukan. karena seluruh hasil efisiensi dialihkan ke 'sektor' lain. jadi pendapatan negara akan ttp dikejar sesuai yang dikonsep di awal,1.94E+18,,,in,,0,0,0,https://x.com/undefined/status/1941318111657066661,1.85E+18,,netral
1.94E+18,Sat Jul 05 02:07:07 +0000 2025,68,Sekalian saja ICW minta umumkan berapa biaya Hari Bhayangkara ke 79 di era efisiensi anggaran ini.,1.94E+18,,,in,,1,2,34,https://x.com/undefined/status/1941317890898264345,248107407,,netral
1.94E+18,Sat Jul 05 02:07:06 +0000 2025,0,Menteri PU Dody Hanggodo rombak pejabat untuk meningkatkan efisiensi anggaran usai kasus korupsi yang melibatkan ASN. Temukan detail perubahan dan tantangan Kementerian PU. #AmbisiusNews #KorupsiIndonesia #AnggaranNegara #BeritaPU https://t.co/Lm5cbeEldV,1.94E+18,,,in,,0,0,0,https://x.com/undefined/status/1941317883914748164,1.93E+18,,positif
1.94E+18,Sat Jul 05 02:02:59 +0000 2025,0,@mfatahilahakbar efisiensi biaya dari ajang PIMNAS ternyata buat biaya istri menteri jalan2 ke eropa ya ternyata,1.94E+18,,mfatahilahakbar,in,,1,0,0,https://x.com/undefined/status/1941316849230323946,1.89E+18,,negatif
1.94E+18,Sat Jul 05 01:58:59 +0000 2025,0,@Ipulalam39 @merapi_uncover Efisiensi kak,1.94E+18,,Ipulalam39,es,,0,1,0,https://x.com/undefined/status/1941315844593811654,564952106,,netral
1.94E+18,Sat Jul 05 01:58:18 +0000 2025,0,@ardykucrut @ARSIPAJA kalo efisiensi betul di halaman gubernur bisa tp klo dari segi pendapatan di hotel yg pajaknya bisa masuk ke daerah,1.94E+18,,ardykucrut,in,,0,0,0,https://x.com/undefined/status/1941315672732205353,2157009834,,netral
1.94E+18,Sat Jul 05 01:55:47 +0000 2025,1,Lembaga baru beban baru efisiensi ito konon hanya omon-omon silahkan terjemahkan dengan cara masing . Jgn terlalu berharap kpd pemerintah hari ini sampai detik ini lebih banyak menciptakan kebingungan di masy. Apalagi menteri-lembaga yg dibentuk banyak blunder &amp; ngeles-nya. https://t.co/UPOmf2jpyo,1.94E+18,https://pbs.twimg.com/media/GvDvuD8bcAA7hdK.jpg,,in,,0,1,1,https://x.com/undefined/status/1941315036447900026,1.70E+18,,negatif
1.94E+18,Sat Jul 05 01:53:55 +0000 2025,0,halah...halah... efisienshit nan bullshit lah klo mank bener² mau efisiensi mah kurangin tuh jumlah menteri kagak perlu menteri sebanyak itu di kabinet obesitas stop tunjangan DPR MPR gak ada anggaran buat ganti mobil duit sitaan korupsi kemana kan mestinya masuk kas negara,1.94E+18,,,in,,0,1,0,https://x.com/undefined/status/1941314568799780887,595163548,,negatif
1.94E+18,Sat Jul 05 01:47:50 +0000 2025,0,@tanyakanrl Dulu pas mas pacar masih honorer dia yg ngerjain ini itu sampe udah di layoff karna efisiensi kemaren si bu kabidnya masih aja nyusahin doi karna selama ini kerjaannya beliau dikerjain sama doi. Jujur bersyukur banget doi ke na efisiensi karna lingkungan kerja yg ga ngotak,1.94E+18,,tanyakanrl,in,,0,0,0,https://x.com/undefined/status/1941313036876415397,9.81E+17,,negatif
1.94E+18,Sat Jul 05 01:42:11 +0000 2025,0,@KangManto123 @13theEnki Efisiensi ,1.94E+18,,KangManto123,es,,0,0,0,https://x.com/undefined/status/1941311614680170618,1.82E+18,,netral
1.94E+18,Sat Jul 05 01:36:20 +0000 2025,0,KITA INI BANGSA YANG BESAR BUTUH ANGGARAN YANG BESAR EFISIENSI DEMI MBG DAN IKN ADALAH JALAN NINJAKU JANGAN SEBARKAN BERITA NEGATIF! KITA HARUS BERSYUKUR KARENA KITA BANGSA YANG HEBAT DAN KUAT,1.94E+18,,,in,,0,0,0,https://x.com/undefined/status/1941310142777364723,2615684046,,positif
1.94E+18,Sat Jul 05 01:28:32 +0000 2025,0,Kalo aku Presiden yg uda declare utk efisiensi dpt kabar gini 1. Harga diriku dimana? 2. Lsg pecat tidak hormat TF misi budaya?!,1.94E+18,,,in,,0,0,0,https://x.com/undefined/status/1941308178526072925,352378162,,negatif
1.94E+18,Sat Jul 05 01:27:14 +0000 2025,0,Sistem Self-Healing: Revolusi Otonomi Mandiri dalam Manajemen TI Skala Besar. Tingkatkan keandalan &amp; efisiensi operasional Anda! Baca selengkapnya! https://t.co/B1haRZM076,1.94E+18,,,in,,0,0,0,https://x.com/undefined/status/1941307851315740880,1.68E+18,,positif
1.94E+18,Sat Jul 05 01:24:36 +0000 2025,0,@tempodotco Emang efisiensi ya? Bukannya cuma dipindah lembaga aja ya anggarannya,1.94E+18,,tempodotco,in,,0,0,0,https://x.com/undefined/status/1941307188141752375,1.16E+18,,netral
1.94E+18,Sat Jul 05 01:15:56 +0000 2025,0,@tanyarlfes Udah tau negara gak jujur hukuman korup ringan banyak di diskonin ngide bgt..efeknya efisiensi di ranah pendidikan lagi beh gimana alat buat Indo maju ya,1.94E+18,,tanyarlfes,in,,0,0,0,https://x.com/undefined/status/1941305008605233380,1.31E+18,,negatif
1.94E+18,Sat Jul 05 01:07:59 +0000 2025,2,Saya marah krn Kementerian UMKM mengirimkan surat kepada Kedubes mekinta pendampingan acara pribadi istri &amp; anak.. gak ada urusan kenegaraan. Negara sdg fokus efisiensi dan rakyat makin banyak yg kesusahan. https://t.co/WDOEUFm0bI,1.94E+18,https://pbs.twimg.com/media/GvDkjPkXgAA-C6W.jpg,,in,,0,0,0,https://x.com/undefined/status/1941303006580048256,1.14E+18,,negatif
1.94E+18,Sat Jul 05 00:59:46 +0000 2025,0,@ARSIPAJA Efisiensi cuma utk anda yg miskin,1.94E+18,,ARSIPAJA,in,,0,0,0,https://x.com/undefined/status/1941300940516229635,1.72E+18,,negatif
1.94E+18,Sat Jul 05 00:59:18 +0000 2025,0,@yourboydinn anjir efisiensi nya gede banget cok,1.94E+18,,yourboydinn,in,,0,0,0,https://x.com/undefined/status/1941300823520383403,1.80E+18,,negatif
1.94E+18,Sat Jul 05 00:58:21 +0000 2025,1,@neVerAl0nely_ @prabowo Maaf nggak jadi .. lupa....Negara lagi #efisiensi untuk #korupsi 🇮🇩,1.94E+18,,AnggodoJosh,in,,0,0,1,https://x.com/undefined/status/1941300585111912654,9.68E+17,,negatif
1.94E+18,Sat Jul 05 00:58:00 +0000 2025,0,@MurtadhaOne1 Udah anggaran kedubes kena efisiensi eh datang non pejabat minta fasilitas. Mumet lah..,1.94E+18,,MurtadhaOne1,in,,0,0,0,https://x.com/undefined/status/1941300497815830915,68353180,,negatif
1.94E+18,Sat Jul 05 00:51:01 +0000 2025,0,@tempodotco Efisiensi bullshit,1.94E+18,,tempodotco,tl,,0,0,0,https://x.com/undefined/status/1941298736438870431,1.55E+18,,negatif
1.94E+18,Sat Jul 05 00:48:06 +0000 2025,0,@tempodotco Yaiyalah yg lain di efisiensi tapi pejabatnya makin diperkaya.,1.94E+18,,tempodotco,in,,0,0,0,https://x.com/undefined/status/1941298002758598879,1.59E+18,,negatif
1.94E+18,Sat Jul 05 00:42:20 +0000 2025,14,@giIangmahesa Efisiensi di banyak instansi karena sebagian anggarannya dialokasikan ke instansi tertentu.,1.94E+18,,giIangmahesa,in,,0,1,0,https://x.com/undefined/status/1941296551244202083,2232828572,,netral
1.94E+18,Sat Jul 05 00:40:25 +0000 2025,0,@Jayabay19479190 Dan staff Kedubes &amp; Konsulat pun dikerahkan melalukan pendampingan. Karena tujuannya katanya dalam rangka kunjungan Kebudayaan. Entah sejak kapan kementerian UMKM mengurusi kebudayaan? Kata presiden harus berhemat dan melakukan efisiensi lha koq malah sebaliknya?,1.94E+18,,Jayabay19479190,in,,0,0,0,https://x.com/undefined/status/1941296069268365563,248998166,,negatif
1.94E+18,Sat Jul 05 00:23:05 +0000 2025,0,Efisiensi apa jir,1.94E+18,,,es,,0,0,0,https://x.com/undefined/status/1941291710732288030,1.29E+18,,netral
1.94E+18,Sat Jul 05 00:22:47 +0000 2025,1,@TheCurut007 Pemerintahnya masih kurang efisiensi bocor korupsi dan kebanyakan program ga beres rakyatlah yang menanggung,1.94E+18,,TheCurut007,in,,0,0,0,https://x.com/undefined/status/1941291631602434520,1.59E+18,,negatif
1.94E+18,Sat Jul 05 00:15:31 +0000 2025,0,@tempodotco Efisiensi NDASMU,1.94E+18,,tempodotco,in,,0,0,0,https://x.com/undefined/status/1941289805645742149,719200698,,negatif
1.94E+18,Sat Jul 05 00:14:12 +0000 2025,0,@starshyve yg kena efisiensi,1.94E+18,,starshyve,in,,0,0,0,https://x.com/undefined/status/1941289471909167321,1.27E+18,,netral
1.94E+18,Sat Jul 05 00:13:25 +0000 2025,0,@mardigu024 Efisiensi kon..,1.94E+18,,mardigu024,tl,,0,0,0,https://x.com/undefined/status/1941289274592329984,7.94E+17,,negatif
1.94E+18,Sat Jul 05 00:05:12 +0000 2025,0,Memikirkan yang katanya efisiensi tapi kok defisitnya makin lebar,1.94E+18,,,in,,0,0,0,https://x.com/undefined/status/1941287206502662319,772605986,,negatif
1.94E+18,Sat Jul 05 00:00:55 +0000 2025,0,@tempodotco Kan korupsinya gak kenal efisiensi...,1.94E+18,,tempodotco,in,,0,0,0,https://x.com/undefined/status/1941286131921977440,2905208424,,negatif
1.94E+18,Fri Jul 04 23:57:45 +0000 2025,0,Damn dana pkm berkurang banget wkwkwkw gara gara efisiensi,1.94E+18,,,in,,0,0,0,https://x.com/undefined/status/1941285333674639754,1.14E+18,,negatif
1.94E+18,Fri Jul 04 23:56:27 +0000 2025,0,@tempodotco Mulyani adalah ratu kenaikan pajak. Wowo adalah raja efisiensi yang tak jelas ke mana uang efisiensi. Efisiensi hny berlaku utk eselon III Presiden Eselon I dan II hura hura Retreat kunjungan luar negeri staf khusus Denwalsus Hambalang dsb,1.94E+18,,tempodotco,in,,0,0,0,https://x.com/undefined/status/1941285008351821944,1.84E+18,,negatif
1.94E+18,Fri Jul 04 23:49:19 +0000 2025,0,@kompascom klo lu royal ama anak buah dan terkenal baik gw rasa jg kaga disebarin deh lu terkenal pelit kalik kmn2 mau gratisan tp gaya belaga raja dah tau prabowo nyuruh efisiensi anggaran potong sana sini malah minta org buat dampingi istri lagi hadehh sok penting banget,1.94E+18,,kompascom,in,,0,0,0,https://x.com/undefined/status/1941283211092558021,60601072,,negatif
1.94E+18,Fri Jul 04 23:48:42 +0000 2025,0,Microsoft lagi efisiensi gila-gilaan! Setelah PHK di Mei 2025 lalu yang menyebabkan demo besar-besar... https://t.co/rSJMWzUwOZ,1.94E+18,,,in,,0,0,0,https://x.com/undefined/status/1941283054624076255,207456385,,negatif
1.94E+18,Fri Jul 04 23:46:05 +0000 2025,0,Istri Menteri UMKM Diduga Minta Fasilitas Negara ke 8 Kota di Eropa: Katanya Efisiensi? https://t.co/J6O0H4R8XC https://t.co/HYnkqxVUXH,1.94E+18,https://pbs.twimg.com/media/GvDSCT4XAAAgZVm.jpg,,in,,0,0,0,https://x.com/undefined/status/1941282397384831082,1.93E+18,,negatif
1.94E+18,Fri Jul 04 23:42:32 +0000 2025,0,@tempodotco Efisiensi tp pengeluaran di pos lain,1.94E+18,,tempodotco,in,,0,0,0,https://x.com/undefined/status/1941281504790970780,1.30E+18,,negatif
1.94E+18,Fri Jul 04 23:42:15 +0000 2025,0,@mardigu024 Tidak ada kamus efisiensi untuk pejabat sebab untuk merekalah pajak kita.,1.94E+18,,mardigu024,in,,0,0,0,https://x.com/undefined/status/1941281433093550208,1.47E+18,,negatif
1.94E+18,Fri Jul 04 23:37:39 +0000 2025,20,@LexWu_13 Faktor efisiensi duitnya sekarang mengalir ke MBG Koperasi Merah Putih dan Danantara. Harusnya suruh 3 pilar itu menggerakkan ekonomi,1.94E+18,,LexWu_13,in,,0,0,2,https://x.com/undefined/status/1941280276384186607,8.53E+17,,negatif
1.94E+18,Fri Jul 04 23:27:21 +0000 2025,0,@tvOneNews Kalo diperhatikan dgn teliti mirip pemerintah konoha gak bisa dipercaya bilang mau efisiensi tp hutang nambah terus omongan nya ruwet kayak jembut,1.94E+18,,tvOneNews,in,,0,0,0,https://x.com/undefined/status/1941277682630861081,1.51E+18,,negatif
1.94E+18,Fri Jul 04 23:25:04 +0000 2025,61,@LexWu_13 Pajak naik pungli merajalela fasilitas umum dan jalan jelek udah gaji kecil malah turun pula kena efisiensi anggaran. Yg diatas malah ngambur-ngamburin duit. Gini banget jadi WNI,1.94E+18,,LexWu_13,in,,1,0,4,https://x.com/undefined/status/1941277107361021959,9.22E+17,,negatif
1.94E+18,Fri Jul 04 23:22:35 +0000 2025,4,@tempodotco Masih ingat dulu efisiensi di Kantor sampai untuk foto copy pakai kertas bekas rapat2 hanya disuguhi air putih. Tapi pengadaan barang dan jasa tidak tersentuh sama sekali efisiensinya.,1.94E+18,,tempodotco,in,,0,0,0,https://x.com/undefined/status/1941276482338423164,1.40E+18,,negatif
1.94E+18,Fri Jul 04 23:11:58 +0000 2025,0,APA ITU EFISIENSI!?,1.94E+18,,,in,,0,0,0,https://x.com/undefined/status/1941273813561581696,1.30E+18,,netral
1.94E+18,Fri Jul 04 23:05:18 +0000 2025,0,@kompascom Efisiensi menteri umkm yang tidak KM ,1.94E+18,,kompascom,in,,0,0,0,https://x.com/undefined/status/1941272134376116391,226998446,,negatif
1.94E+18,Fri Jul 04 23:01:26 +0000 2025,0,Konektivitas adalah salah satu bentuk perjuangan efisiensi waktu bagi yang membutuhkan. Waktu itu adalah hal yang paling berharga di dunia ini sebab waktu itu tidak dapat kembali ataupun diulang. Dan waktu itupun terus berjalan bagi manusia waktu tidak boleh dibuang percuma.,1.94E+18,,,in,,0,0,0,https://x.com/undefined/status/1941271159150195052,3600510972,,positif
1.94E+18,Fri Jul 04 23:00:40 +0000 2025,0,WFA di Pemprov Sulsel tak Pengaruhi Kinerja Pegawai https://t.co/CAQNHxZ8r2 WFA itu salah satu strategi kita untuk memastikan bahwa produktivitas kerja di satu sisi bisa terjaga di sisi lain juga efisiensi sumber daya juga bisa berjalan. Misalnya tidak usah jauh-jauh kan ,1.94E+18,,,in,,0,0,0,https://x.com/undefined/status/1941270966627189082,2810878578,,positif
1.94E+18,Fri Jul 04 22:52:31 +0000 2025,0,@c000kiesncream @kemgelapan Yang katanya efisiensi ,1.94E+18,,c000kiesncream,in,,0,0,0,https://x.com/undefined/status/1941268914966757618,1.08E+18,,negatif
1.94E+18,Fri Jul 04 22:45:06 +0000 2025,0,@ARSIPAJA Efisiensi efisien taik kucing ,1.94E+18,,ARSIPAJA,in,,0,0,0,https://x.com/undefined/status/1941267051211112648,1.66E+18,,negatif
1.94E+18,Fri Jul 04 22:44:55 +0000 2025,3,@tempodotco Etika dan moral pejabat makin rusak. Istrinya tour Eropa di saat rakyat Indonesia sedang dalam kondisi tidak baik-baik saja dan presiden sibuk menggaungkan efisiensi.,1.94E+18,,tempodotco,in,,0,0,0,https://x.com/undefined/status/1941267006139007137,1313287898,,negatif
1.94E+18,Fri Jul 04 22:42:17 +0000 2025,5,@kompascom Pak Prabowo anda ini serius ga sih mau Efisiensi Apbn???,1.94E+18,,kompascom,in,,0,0,0,https://x.com/undefined/status/1941266341195022474,2611677102,,negatif
1.94E+18,Fri Jul 04 22:41:54 +0000 2025,0,PLN UP3 Cikupa menambah daya listrik PT Mayora Tbk menjadi 22 juta VA guna mendukung ekspansi industri makanan-minuman nasional dan efisiensi produksi. https://t.co/tKLqBmF62Z,1.94E+18,,,in,,0,0,0,https://x.com/undefined/status/1941266245925613957,1.84E+18,,positif
1.94E+18,Fri Jul 04 22:37:07 +0000 2025,0,Ini yang kata nya Efisiensi ? (Makin kesini tambah kesana) @Gerindra @golkarpedia https://t.co/2pGrMOYf3Q,1.94E+18,,,in,,0,0,0,https://x.com/undefined/status/1941265042399428708,1.87E+18,,negatif
1.94E+18,Fri Jul 04 22:34:59 +0000 2025,1,@k_tuaethnic @MurtadhaOne1 banyak kedubes yg kena efisiensi kdg dubesnya yg keluar duit dr saku pribadi,1.94E+18,,k_tuaethnic,in,,0,0,0,https://x.com/undefined/status/1941264503792074886,1135526713,,negatif
1.94E+18,Fri Jul 04 19:29:10 +0000 2025,15,@kompascom Katanya efisiensi? https://t.co/EvdS0utKbo,1.94E+18,https://pbs.twimg.com/media/GvCXP4RW8AAQSYk.jpg,kompascom,in,,1,2,5,https://x.com/undefined/status/1941217741203177885,1.40E+18,,negatif
1.94E+18,Fri Jul 04 19:25:23 +0000 2025,0,smwa aja di efisiensi anjg https://t.co/EoGj23h91g,1.94E+18,https://pbs.twimg.com/media/GvCWX8-acAAkuZv.jpg,,in,,0,0,0,https://x.com/undefined/status/1941216791981850936,1.29E+18,,negatif
1.94E+18,Fri Jul 04 19:07:06 +0000 2025,0,Kata Efisiensi anggaran hingga MBG yg seharus Rp15rebu per BOCIL dipangkas jadi Rp10rebu..lalu dipangkas lagi jadi Rp.8rebu..sementera ISTRI MENTERI DAN PEJABATBJALAN2 KELILING DUNIA PAKE UANG RAKYAT.. Ternyata EFISIENSI YG DIKATAKAN PAK PRABOWO ADALAH EFISIENSI TAIK...,1.94E+18,,,in,,0,0,0,https://x.com/undefined/status/1941212188603187483,1.16E+18,,negatif
1.94E+18,Fri Jul 04 19:01:47 +0000 2025,1,Nyandangin nama negara2 tsb sm UMKM aja udh ga masok. Ad brp sih UMKM indo d negara2 tsb? Misi budaya? ktanya efisiensi? Dia wajib hadir? Kan d sana ad KBRI yg bsa jd perwakilan jd ga ush lagi keluarin anggaran untuk kunjungan ISTRI si menteri ini. Ini emg sengaja aj mau liburan,1.94E+18,,,in,,0,0,0,https://x.com/undefined/status/1941210849559052540,1.45E+18,,negatif
1.94E+18,Fri Jul 04 18:53:54 +0000 2025,0,kasian amat jir pdhl pkm ini bnr2 peluang gede mlh kena efisiensi ajg,1.94E+18,,,in,,0,0,0,https://x.com/undefined/status/1941208865368047739,1.44E+18,,negatif
1.94E+18,Fri Jul 04 18:53:20 +0000 2025,1,@tanyarlfes tim kalo tab wifi only udah cukup ️ selain efisiensi budget kebutuhan tab akupun selalu di indoor (nonton ngerjain tugas main game dll). kalo untuk sosmed an langsung HP https://t.co/BUeEBtPGef,1.94E+18,,tanyarlfes,in,,0,0,0,https://x.com/undefined/status/1941208726335258900,1.57E+18,,positif
1.94E+18,Fri Jul 04 18:51:54 +0000 2025,0,kalo emg kita lebih nyusruk daripada jaman covid parah sih. serangkaian kebijakan goblok dari 1 orang doang bisa ngalahin pandemi mendunia yang ngebunuh jutaan orang. keren banget lu wok garagara efisiensi mbg danantara itu udah ngalahin chaos nya covid ,1.94E+18,,granatvietcong,in,,0,0,0,https://x.com/undefined/status/1941208363007868974,1.31E+18,,negatif
1.94E+18,Fri Jul 04 18:50:32 +0000 2025,5,@tempodotco Efisiensi tajam ke bawah doank Sengaja buat ngenyangin ego yg atas Kementrian bengkak MBG yg dipaksakan Program sulap Omon2 Antek asing,1.94E+18,,tempodotco,in,,0,0,0,https://x.com/undefined/status/1941208019246907883,1.22E+18,,negatif
1.94E+18,Fri Jul 04 18:48:43 +0000 2025,0,Tapi scholarship nya kena efisiensi #hokya wkwkwk,1.94E+18,,,in,,0,1,0,https://x.com/undefined/status/1941207561077948858,1.83E+18,,negatif
1.94E+18,Fri Jul 04 18:42:54 +0000 2025,0,@tempodotco kita gak sebodoh itu kok percaya efisiensi ,1.94E+18,,tempodotco,in,,0,0,0,https://x.com/undefined/status/1941206097643364605,1288894226,,negatif
1.94E+18,Fri Jul 04 18:35:53 +0000 2025,0,@yourboydinn Mirisnya dibalik efisiensi ga berguna itu Ada instansi yang beli remote control harga 3 miliar wkwkwk,1.94E+18,,yourboydinn,in,,0,0,0,https://x.com/undefined/status/1941204331044434296,261664796,,negatif
1.94E+18,Fri Jul 04 18:34:31 +0000 2025,1,@tanyarlfes kalau pengalaman aku di keluarga besar sih tv polytron yg jd best choice untuk harga under 2jtan. pas jaman covid omku beli di online malah lbh murah juga drpd offline store cocok buat yg mau efisiensi budget https://t.co/uBFhl8Cu9O,1.94E+18,,tanyarlfes,in,,0,0,0,https://x.com/undefined/status/1941203989921702211,1.57E+18,,positif
1.94E+18,Fri Jul 04 18:32:47 +0000 2025,0,Instansi lain efisiensi. Instansi itu malah beli mainan 3 miliar.,1.94E+18,,,in,,0,0,0,https://x.com/undefined/status/1941203553072402845,1.33E+18,,negatif
1.94E+18,Fri Jul 04 18:32:00 +0000 2025,0,@bangherwin efisiensi tapi 3M keluar buat robot anjing polisi. sekali lagi ROBOT ANJING POLISI ,1.94E+18,,bangherwin,in,,0,0,0,https://x.com/undefined/status/1941203355990405224,1.27E+18,,negatif
1.94E+18,Fri Jul 04 18:27:13 +0000 2025,0,SUMPAH YA EFISIENSI TAII,1.94E+18,,,in,,0,0,0,https://x.com/undefined/status/1941202151306588586,1.36E+18,,negatif
1.94E+18,Fri Jul 04 18:23:56 +0000 2025,56,@tempodotco lah yg buang2 pejabatnya tp yg kena efisiensi umbi2annya. ga perlu orang jenius buat paham ya kont,1.94E+18,,tempodotco,in,,1,3,9,https://x.com/undefined/status/1941201324022038560,798310423,,negatif
1.94E+18,Fri Jul 04 18:18:35 +0000 2025,0,@dheppylovelly Presiden Prabowo inspiratif Kemenkeu langsung gas efisiensi anggaran untuk mendukung Asta Cita,1.94E+18,,dheppylovelly,in,,0,0,0,https://x.com/undefined/status/1941199980540330329,1.71E+18,,positif
1.94E+18,Fri Jul 04 18:17:06 +0000 2025,0,@dheppylovelly Kemenkeu dan Presiden Prabowo bener-bener solid lakuin efisiensi anggaran buat Asta Cita,1.94E+18,,dheppylovelly,in,,0,0,0,https://x.com/undefined/status/1941199606139978181,1.84E+18,,positif
1.94E+18,Fri Jul 04 18:12:50 +0000 2025,0,@kompascom Miris di tengah semangat efisiensi anggaran,1.94E+18,,kompascom,in,,0,0,0,https://x.com/undefined/status/1941198532058505475,9.24E+17,,negatif
1.94E+18,Fri Jul 04 18:12:48 +0000 2025,0,EFISIENSI TAIK...,1.94E+18,,,in,,0,0,0,https://x.com/undefined/status/1941198522633814062,1.16E+18,,negatif
1.94E+18,Fri Jul 04 18:07:25 +0000 2025,13,@tempodotco Ini namanya bukan efisiensi anggaran sudahlah jgn membodohi rakyat terus gak bosan apa,1.94E+18,,tempodotco,in,,0,0,0,https://x.com/undefined/status/1941197167559049354,1.87E+18,,negatif
1.94E+18,Fri Jul 04 18:05:41 +0000 2025,1,@DarsAlexandra1 Efisiensi kata bpk ini...,1.94E+18,,DarsAlexandra1,in,,0,0,0,https://x.com/undefined/status/1941196732966306149,1.88E+18,,netral
1.94E+18,Fri Jul 04 18:05:39 +0000 2025,1,banyak anggaran buat program penting kena pangkas sampe ga sedikit yang nyentuh angka 0 juga dalihnya efisiensi but on the other hand anggaran buat kementerian tertentu bahkan program gajelas malah membengkak negara gilaaaaaaa,1.94E+18,,downteown,in,,0,0,0,https://x.com/undefined/status/1941196722547667322,8.44E+17,,negatif
1.94E+18,Fri Jul 04 18:05:37 +0000 2025,2,selama ini bukan efisiensi anggaran tapi pengalihan anggaran ya jatohnya dana yang dikucurin gajelas arahnya transparansi ga ada belum lagi jumlah wamen stafsus dsbg yang bikin defisitnya makin besar padahal kerjanya ga seberapa yang kena + susah rakyat lagi rakyat lagi,1.94E+18,,,in,,0,1,0,https://x.com/undefined/status/1941196716428116232,8.44E+17,,negatif
1.94E+18,Fri Jul 04 17:50:15 +0000 2025,0,@powtattto polri ga kena efisiensi btw ,1.94E+18,,powtattto,in,,0,1,0,https://x.com/undefined/status/1941192847283323064,1.67E+18,,netral
1.94E+18,Fri Jul 04 17:48:07 +0000 2025,0,* Interoperabilitas: Token bekerja mulus di berbagai wallet exchange &amp; dApp. * Efisiensi Pengembang: Standar mengurangi waktu pengembangan &amp; kesalahan. Next ,1.94E+18,,Dvjanur,in,,0,1,0,https://x.com/undefined/status/1941192313495224509,1409780630,,positif
1.94E+18,Fri Jul 04 17:47:09 +0000 2025,0,@tempodotco Efisiensi kan dana buat ke rakyat nya buat pejabat nya mah kga hadeehh ,1.94E+18,,tempodotco,in,,0,0,0,https://x.com/undefined/status/1941192070682771747,144888567,,negatif
1.94E+18,Fri Jul 04 17:40:27 +0000 2025,0,Manfaat Utama Standar Token: * Interoperabilitas: Token bekerja mulus di berbagai wallet exchange &amp; dApp. * Efisiensi Pengembang: Standar mengurangi waktu pengembangan &amp; kesalahan Next ,1.94E+18,,Dvjanur,in,,0,0,0,https://x.com/undefined/status/1941190381049348512,1409780630,,positif
1.94E+18,Fri Jul 04 17:32:03 +0000 2025,0,@petirngamuk22 efisiensi yg tidak efisien,1.94E+18,,petirngamuk22,in,,0,1,0,https://x.com/undefined/status/1941188267350917485,592608195,,negatif
1.94E+18,Fri Jul 04 17:26:10 +0000 2025,1,Efisiensi atau efisienshit ya ini?? Kok menyedihkan kerasanya,1.94E+18,,,in,,0,2,0,https://x.com/undefined/status/1941186789588525411,1.26E+18,,negatif
1.94E+18,Fri Jul 04 17:17:44 +0000 2025,2,@Pipelcantikk @yourboydinn Baru perkara efisiensi doang aja dampaknya luas bgt ya kemana² blm program² lain ,1.94E+18,,Pipelcantikk,in,,0,0,0,https://x.com/undefined/status/1941184665328722024,1.26E+18,,negatif
1.94E+18,Fri Jul 04 17:05:08 +0000 2025,0,@nariousa Nah iyaa kann efisiensi yg sgt siginifikan efeknya,1.94E+18,,nariousa,in,,0,0,0,https://x.com/undefined/status/1941181494434943160,1.61E+18,,negatif
1.94E+18,Fri Jul 04 17:01:17 +0000 2025,0,@azissubekti @prabowo @Jateng_Twit @Intel_Imut @Gerindra @pemudaidamanid @are_inismyname @DakotaGeorgy @G0LIATH87 @ferrykoto @dwioktariyadi Tepat skali Pak Presiden. Efisiensi komunikasi bkan brarti minim makna justru menuntut ketajaman berpikir. Orientasi pda manfaat nyata adlh esensi dri kepemimpinan yg pro-rakyat.Yg dibutuhkan negeri ini mmang bkan banyak bicara tpi byk kerja n' hasil-,1.94E+18,,azissubekti,in,,0,0,0,https://x.com/undefined/status/1941180527073198363,1.91E+18,,positif
1.94E+18,Fri Jul 04 16:56:13 +0000 2025,0,pkm mendikbud jancok semua aja lo jdiin efisiensi,1.94E+18,,,in,,0,0,0,https://x.com/undefined/status/1941179251505627339,1.46E+18,,negatif
1.94E+18,Fri Jul 04 15:32:38 +0000 2025,0,Palalu. Lapangan kerja sedikit = perusahaan makin peras pegawai dengan beruntung kalian di sini. Lihat aja banyak PHK di luar sana dan mulai memangkas hak2 pekerja dengan dalih efisiensi,1.94E+18,,,in,,0,0,0,https://x.com/undefined/status/1941158217951961304,1.80E+18,,negatif
1.94E+18,Fri Jul 04 15:30:10 +0000 2025,1,@BayuTantoro @akunbudakkucing @ARSIPAJA klo anggota dewan tuh ga ada efisiensi ya kak? enak bener :(,1.94E+18,,BayuTantoro,in,,0,0,0,https://x.com/undefined/status/1941157595022328228,8.04E+17,,negatif
1.94E+18,Fri Jul 04 15:30:09 +0000 2025,0,Gubernur DIY Sri Sultan Hamengku Buwono X menegaskan pentingnya efisiensi dan ketepatan dalam penggunaan anggaran sebagai respons atas dinamika kebijakan nasional dan kondisi keuangan daerah. #GubernurDIY #SriSultanHBX #JogjaIstimewa #HumasJogja https://t.co/xPGH0rFROX,1.94E+18,https://pbs.twimg.com/media/GvBgiVMXMAAHCqQ.jpg,,in,,0,2,0,https://x.com/undefined/status/1941157592480514325,8.04E+17,,positif
1.94E+18,Fri Jul 04 15:28:40 +0000 2025,3,@haninrwd @ARSIPAJA efisiensi tu buat rakyat biasa aja nih. klo pejabat2 sih msih bisa noh dinas2 luar kota. enaknya jadi pejabat di konoha.,1.94E+18,,haninrwd,in,,0,0,0,https://x.com/undefined/status/1941157218424119431,8.04E+17,,negatif
1.94E+18,Fri Jul 04 15:28:32 +0000 2025,0,kapan pengumuman p2mw satu sisi gue bnr bnr ga berharap karena skrng seketat itu buat lolos pendanaan (kena efisiensi) tp timku kayanya bakal sedih bgt kl ga lolos....,1.94E+18,,,in,,0,0,0,https://x.com/undefined/status/1941157184945230280,1.39E+18,,negatif
1.94E+18,Fri Jul 04 15:28:00 +0000 2025,0,@strgzrrth Efisiensi,1.94E+18,,strgzrrth,es,,0,0,0,https://x.com/undefined/status/1941157052111544754,434577034,,netral
1.94E+18,Fri Jul 04 15:22:49 +0000 2025,0,Atas dasar apa istri menteri pergi ke eropa? Statusnya dalam pemerintahan apa? Kalau pake emblem budaya kenapa bukan dirjen budaya yang berkunjung? Kalau memang ranah UMKM detail kerjaannya apa? Pak @prabowo ingat janji Anda tentang efisiensi anggaran. #MisiBudaya https://t.co/NbmU81cKz5,1.94E+18,https://pbs.twimg.com/media/GvBe3TabsAA2eWT.jpg,,in,,0,0,0,https://x.com/undefined/status/1941155746294735309,1.81E+18,,negatif
1.94E+18,Fri Jul 04 15:22:11 +0000 2025,0,Yang di efisiensi ngga tepat sasaran yah defisit lah,1.94E+18,,,in,,0,0,0,https://x.com/undefined/status/1941155587028635683,1.30E+18,,negatif
1.94E+18,Fri Jul 04 15:21:37 +0000 2025,142,@tempodotco Sebenernya bukan efisiensi tapi dana nya di alihkan ke program lain yang gak jelas dan tanpa transparansi.,1.94E+18,,tempodotco,in,,0,0,4,https://x.com/undefined/status/1941155443830886884,1.67E+18,,negatif
1.94E+18,Fri Jul 04 15:18:54 +0000 2025,2,masih bitter banget sama efisiensi. great loss of opportunities common sense and intelligence (we reversed our success),1.94E+18,,,en,,0,0,0,https://x.com/undefined/status/1941154759878304087,1.20E+18,,negatif
1.94E+18,Fri Jul 04 15:13:54 +0000 2025,1,@tempodotco Efisiensi anggaran KL tp nambah KL wamen jabatan2 gak penting kayaknya paling banyak dan gak penting dalam sejarah NKRI. kocak ,1.94E+18,,tempodotco,in,,0,1,0,https://x.com/undefined/status/1941153504044920884,1697016498,,negatif
1.94E+18,Fri Jul 04 15:13:19 +0000 2025,0,@NenkMonica Hi hi hi gw ketawa dulu ye kmaren gw ngegreb Abang supirnye ternyata owner travel utk para ekpatriat n hi ntulah ASN katanya sekarang sepi n banyak yg batalin karna alasan EFISIENSI nah yg satu ni HEBAT juga ya brani maju bro malah ngajuin bini Oya kan utk mbangun negri konoho,1.94E+18,,NenkMonica,in,,0,0,0,https://x.com/undefined/status/1941153353918189796,2456041327,,negatif
1.94E+18,Fri Jul 04 15:11:45 +0000 2025,0,@Heraloebss Itu suratnya dari siapa? Takut orangnya kenapa-napa krn memancing perhatian publik. Sdh jelas bertentangan dengan visi Pak @prabowo yang katanya efisiensi.,1.94E+18,,Heraloebss,in,,0,0,0,https://x.com/undefined/status/1941152959225864496,1.81E+18,,negatif
1.94E+18,Fri Jul 04 15:09:11 +0000 2025,0,efisiensi dipake buat jalan2 istri mentri anjing,1.94E+18,,,in,,0,0,0,https://x.com/undefined/status/1941152317086306580,1450288464,,negatif
1.94E+18,Fri Jul 04 15:09:01 +0000 2025,0,Akhir semester genap full ditoke dengan alasan efisiensi kantin ra kuat mbayar.,1.94E+18,,Timisowara,in,,0,0,0,https://x.com/undefined/status/1941152275373977911,1.90E+18,,negatif
1.94E+18,Fri Jul 04 15:08:25 +0000 2025,1,@MartinusButarb1 Apa gunanya efisiensi??? ,1.94E+18,,MartinusButarb1,in,,0,1,0,https://x.com/undefined/status/1941152123196252205,1.60E+18,,negatif
1.94E+18,Fri Jul 04 14:43:22 +0000 2025,0,@dheppylovelly Presiden Prabowo terus kasih arahan inovatif Kemenkeu siap efisiensi demi sukses Asta Cita,1.94E+18,,dheppylovelly,in,,0,0,0,https://x.com/undefined/status/1941145816372265081,1.71E+18,,positif
1.94E+18,Fri Jul 04 14:41:46 +0000 2025,1,@BBCIndonesia Ternyata efisiensi hanya sekedar omon2 belaka..,1.94E+18,,BBCIndonesia,in,,0,0,0,https://x.com/undefined/status/1941145416600600716,245428047,,negatif
1.94E+18,Fri Jul 04 14:40:14 +0000 2025,0,Berangkat jam 8 pagi pulang jam set 9 malem. Kalau di pabrik atau PT kerja lembur pasti dibayar kalau ini dibilang loyalitas. Ya mau gimana lagi ada efisiensi juga.,1.94E+18,,,in,,0,0,0,https://x.com/undefined/status/1941145028245766580,9.96E+17,,negatif
1.94E+18,Fri Jul 04 14:39:42 +0000 2025,35,@tempodotco Lah yg di efisiensi apa bu? Bukannya nambah anggaran mulu apalagi BGN minta nambah anggaran tuh terus menteri malah banyak apalagi ada stafsus segala. Efisiensi anggaran pendidikan ama kesehatan aja bukan sih wkwkwk,1.94E+18,,tempodotco,in,,0,1,1,https://x.com/undefined/status/1941144893784727675,1.55E+18,,negatif
1.94E+18,Fri Jul 04 14:38:56 +0000 2025,0,@dheppylovelly Gercep abis Presiden Prabowo kasih instruksi Kemenkeu langsung jalankan efisiensi demi Asta Cita tetap on track,1.94E+18,,dheppylovelly,in,,0,0,0,https://x.com/undefined/status/1941144704151941311,1.70E+18,,positif
1.94E+18,Fri Jul 04 14:37:53 +0000 2025,0,apakah ini ikut kena efisiensi?,1.94E+18,,,in,,0,0,0,https://x.com/undefined/status/1941144439461933291,1.34E+18,,netral
1.94E+18,Fri Jul 04 14:35:13 +0000 2025,0,@meliarstoohard Ofdo ini salah satu series yang potensial bgt udh jadi gede krna season 1 aja meledak bgt. Jadi gue ragu gmm efisiensi budget di series ini. Apalagi hrusnya ni series ga butuh yg gimana2 kaya period drama. Jd harusnya aman.,1.94E+18,,meliarstoohard,in,,0,1,0,https://x.com/undefined/status/1941143766758490511,1.88E+18,,netral
1.94E+18,Fri Jul 04 14:34:32 +0000 2025,0,@dheppylovelly Bersyukur banget Presiden Prabowo kasih arahan efisiensi yang langsung diterapkan Kemenkeu,1.94E+18,,dheppylovelly,in,,0,0,0,https://x.com/undefined/status/1941143594288762903,1.70E+18,,positif
1.94E+18,Fri Jul 04 14:33:50 +0000 2025,0,@tempodotco efisiensi tai kucing kabinet obesitas program2 gak jelas anggaran gede orang2 gak jelas diangkat jadi wamen komisaris bumn kan goblok,1.94E+18,,tempodotco,in,,0,0,0,https://x.com/undefined/status/1941143421139505501,9.31E+17,,negatif
1.94E+18,Fri Jul 04 14:32:15 +0000 2025,0,@dheppylovelly Dengan arahan Presiden Prabowo Kemenkeu fokus efisiensi buat ngedukung mimpi besar Asta Cita,1.94E+18,,dheppylovelly,in,,0,0,0,https://x.com/undefined/status/1941143019312578859,1.69E+18,,positif
1.94E+18,Fri Jul 04 14:31:18 +0000 2025,0,ini semuaa gr gr pemerentahhhh jdi efisiensi smua _ ,1.94E+18,,,in,,0,0,0,https://x.com/undefined/status/1941142782808318052,1.73E+18,,negatif
1.94E+18,Fri Jul 04 14:30:38 +0000 2025,1, Rakyat cerminan pemimpin Ohhh makanya dana pendidikan kena efisiensi... Biar rakyatnya mencerminkan pemimpinnya kan banyak yang lebih pinter. Oohhhh jd itu konspirasi nya kenapa dana pendidikan kena efisiensi gede... Masuk akal keren juga.,1.94E+18,,,in,,0,0,0,https://x.com/undefined/status/1941142612410548305,1.82E+18,,negatif
1.94E+18,Fri Jul 04 14:29:44 +0000 2025,0,efisiensi tapi ada kunjungan ISTRI menteri yaallah dewasa aja udah berat ditambah jadi wni,1.94E+18,,,in,,0,0,0,https://x.com/undefined/status/1941142387918823734,1.08E+18,,negatif
1.94E+18,Fri Jul 04 14:28:15 +0000 2025,8,@eradotid Udah tau negara lagi susah keuangan. Apa2 efisiensi. Menteri ini malah begini. Baru tau gue kalau yg menteri suaminya tp istrinya bisa buat perjadin Luar biasa pejabat2 ini Siap2 lah klean kena batu nya. *dari saya yg ngasih GAJI kalian dan pembayar pajak*,1.94E+18,,eradotid,in,,0,0,1,https://x.com/undefined/status/1941142012738289733,121686261,,negatif
1.94E+18,Fri Jul 04 14:25:44 +0000 2025,0,@dheppylovelly Bangga dengan Kemenkeu yang bener-bener jalankan arahan Presiden Prabowo tentang efisiensi,1.94E+18,,dheppylovelly,in,,0,0,0,https://x.com/undefined/status/1941141378995826999,1.70E+18,,positif
1.94E+18,Fri Jul 04 14:20:39 +0000 2025,0,@dheppylovelly Efisiensi Kemenkeu makin keren karena arahan tepat dari Presiden Prabowo,1.94E+18,,dheppylovelly,in,,0,0,0,https://x.com/undefined/status/1941140102748754170,1.91E+18,,positif
1.94E+18,Fri Jul 04 14:19:56 +0000 2025,0,@dheppylovelly Makin optimis liat Kemenkeu dan Presiden Prabowo fokus ke efisiensi anggaran Asta Cita pasti tercapai,1.94E+18,,dheppylovelly,in,,0,0,0,https://x.com/undefined/status/1941139922720796894,1.69E+18,,positif
1.94E+18,Fri Jul 04 14:18:16 +0000 2025,0,@dheppylovelly Presiden Prabowo buktiin leadership Kemenkeu langsung respon efisiensi buat majuin Asta Cita,1.94E+18,,dheppylovelly,in,,0,0,0,https://x.com/undefined/status/1941139503135244646,1.71E+18,,positif
1.94E+18,Fri Jul 04 14:16:58 +0000 2025,0,@dheppylovelly Presiden Prabowo emang inspirator Kemenkeu langsung jalanin efisiensi buat keberhasilan Asta Cita,1.94E+18,,dheppylovelly,in,,0,0,0,https://x.com/undefined/status/1941139174595362916,1.70E+18,,positif
1.94E+18,Fri Jul 04 14:16:21 +0000 2025,0,@yourboydinn efisiensi nya 1.4jt ya berarti,1.94E+18,,yourboydinn,in,,0,0,0,https://x.com/undefined/status/1941139019737465264,1.28E+18,,netral
1.94E+18,Fri Jul 04 14:15:52 +0000 2025,0,@dheppylovelly Presiden Prabowo ngebuktiin kalo efisiensi penting Kemenkeu udah di jalur yang bener dukung Asta Cita,1.94E+18,,dheppylovelly,in,,0,0,0,https://x.com/undefined/status/1941138896462774332,1.86E+18,,positif
1.94E+18,Fri Jul 04 14:15:20 +0000 2025,0,1 unit 3 miliar googling coba harganya wok bangun wok efisiensi wok efisiensi mana wok,1.94E+18,,,in,,0,0,0,https://x.com/undefined/status/1941138764505768436,42625798,,negatif
1.94E+18,Fri Jul 04 14:14:46 +0000 2025,1,@kholida_sf @akunbudakkucing @ARSIPAJA jangankan lomba kakk ijazah yg notabene dokumen penting aja di efisiensi. dalihnya E-Ijazah tapi sistemnya belum mumpuni dan yg di atas aja belum SIAP buat program E-Ijazah yg masih terkesan nanggung . imbasnya yaa yang di bawahnya. lucu emang pemerintah ini.,1.94E+18,,kholida_sf,in,,0,0,0,https://x.com/undefined/status/1941138620209156429,1.53E+18,,negatif
1.94E+18,Fri Jul 04 14:12:42 +0000 2025,0,fuck efisiensi,1.94E+18,,,en,,0,0,0,https://x.com/undefined/status/1941138102875247065,1.37E+18,,negatif
1.94E+18,Fri Jul 04 14:12:23 +0000 2025,0,efisiensi kontol,1.94E+18,,,in,,0,0,0,https://x.com/undefined/status/1941138020255904239,1.50E+18,,negatif
1.94E+18,Fri Jul 04 14:11:14 +0000 2025,6,Mulutnya yang bilang efisiensi gak berdampak kemana-mana tuh tampar aja tampar. Sakit hati banget setiap tahun kayanya yang didanai makin dikit. 33k+ proposal yang didanai 1 5k yang bener aja ya Allah istighfar beneran:) lama-lama kalau gini terus PKM dihapus kh?,1.94E+18,,,in,,0,0,0,https://x.com/undefined/status/1941137730744078636,1.82E+18,,negatif
1.94E+18,Fri Jul 04 14:10:55 +0000 2025,0,@tiwilagis @sbyfess Ini bus tividi atau efisiensi kah,1.94E+18,,tiwilagis,in,,0,0,0,https://x.com/undefined/status/1941137654139191302,1.14E+18,,netral
1.94E+18,Fri Jul 04 14:10:50 +0000 2025,0,@yourboydinn Ya kualitas proposalnya ditingkatkan dong alternatifnya Krn isu efisiensi dana dah lama,1.94E+18,,yourboydinn,in,,0,0,0,https://x.com/undefined/status/1941137631842275622,7.80E+17,,netral
1.94E+18,Fri Jul 04 14:10:26 +0000 2025,0,Positif thinking aja ges mungkin ke sana emang membawa misi budaya yaitu memasarkan produk dlm negeri: cimol cilung cilok cireng cik ath cicing we di Indonesia keur efisiensi mah. ,1.94E+18,,,in,,0,0,0,https://x.com/undefined/status/1941137531837497524,496992396,,negatif
1.94E+18,Fri Jul 04 14:04:50 +0000 2025,0,Efisiensi efisiensi tai anj,1.94E+18,,,it,,0,0,0,https://x.com/undefined/status/1941136121809043929,1.28E+18,,negatif
1.94E+18,Fri Jul 04 14:03:45 +0000 2025,0,@ARSIPAJA efisiensi dipake buat ginian nih? serius? sampai dana buat pendidikan juga terpangkas dipake buat biayain orang-orang modelan gini?,1.94E+18,,ARSIPAJA,in,,0,0,0,https://x.com/undefined/status/1941135847522443598,1.83E+18,,negatif
1.94E+18,Fri Jul 04 14:03:28 +0000 2025,4,@Pipelcantikk @yourboydinn sama banget tapi aku disuruh beli bahan sendiri buat praktikum. padahal dari semester 1 praktikum ya keluar uang cuma beli perlengkapan pribadi ;) jadi sebel banget denger orang ngomong efisiensi tuh ga ada dampaknya ke kita.,1.94E+18,,Pipelcantikk,in,,0,0,0,https://x.com/undefined/status/1941135775539859505,1.82E+18,,negatif
1.94E+18,Fri Jul 04 14:02:13 +0000 2025,0,@kyoichikaga Lagi baca buku modul letak tanda koma di depan kata (contoh: misal Perusahaan A melakukan efisiensi) sangat membuat mataku terganggu,1.94E+18,,kyoichikaga,in,,0,0,0,https://x.com/undefined/status/1941135461935952143,1.59E+18,,netral
1.94E+18,Fri Jul 04 13:57:59 +0000 2025,0,@dheppylovelly Aksi nyata Kemenkeu jalani efisiensi dari arahan Presiden Prabowo bikin makin semangat,1.94E+18,,dheppylovelly,in,,0,0,0,https://x.com/undefined/status/1941134397765554205,1.71E+18,,positif
1.94E+18,Fri Jul 04 13:55:04 +0000 2025,2,@kompascom Kabinet gemoy tapi boros Dan suka foya2 tapi bicaranya soal efisiensi itu namanya omon2,1.94E+18,,kompascom,in,,0,0,0,https://x.com/undefined/status/1941133662495629357,1.91E+18,,negatif
1.94E+18,Fri Jul 04 13:53:09 +0000 2025,0,@kompascom Kabinet gemuk Dan boros tapi ngomongnya efisiensi kan omon2,1.94E+18,,kompascom,in,,0,0,0,https://x.com/undefined/status/1941133181845197142,1.91E+18,,negatif
1.94E+18,Fri Jul 04 13:52:42 +0000 2025,0,@bangherwin Gpp kn lagi EFISIENSI wajar harga segitu,1.94E+18,,bangherwin,in,,0,0,0,https://x.com/undefined/status/1941133069546840187,9.01E+17,,negatif
1.94E+18,Fri Jul 04 13:50:19 +0000 2025,0, AI + blockchain = efisiensi tanpa kompromi data. #BybitIndonesia,1.94E+18,,,in,,0,0,0,https://x.com/undefined/status/1941132468821844133,1.83E+18,,positif
1.94E+18,Fri Jul 04 13:00:39 +0000 2025,0,kok gk kena efisiensi,1.94E+18,,,in,,0,0,0,https://x.com/undefined/status/1941119967216447655,1.14E+18,,netral
1.94E+18,Fri Jul 04 13:00:32 +0000 2025,1,@singteyong @detikcom Lama2 gak perlu kata sopan buat pemerintahan ini... Menterinya 80% TOLOL semua termasuk Wapres yg Plonga Plongo. Efisiensi TAIK KUCING SEMUA. TAPI PAJAK MALAH MAU DI NAIKIN. PUNGLI DI HALALIN. BANGSSAAAATTTTT!!!,1.94E+18,,iyanuar5313,in,,0,0,1,https://x.com/undefined/status/1941119937436848425,1.54E+18,,negatif
1.94E+18,Fri Jul 04 12:59:20 +0000 2025,0,@ARSIPAJA Ya Allah.... sekolah gue noh kena efisiensi anj pendidikan loh ini. Lah ini bukan pejabat minta fasilitas negara buat tour. Katanya jangan banyak2 perjalanan keluar negeri pak @prabowo,1.94E+18,,ARSIPAJA,in,,0,0,0,https://x.com/undefined/status/1941119635920961982,1.48E+18,,negatif
1.94E+18,Fri Jul 04 12:58:50 +0000 2025,0,@txtdaritax Bukan efisiensi tapi re-alokasi ini mah..,1.94E+18,,txtdaritax,in,,0,0,0,https://x.com/undefined/status/1941119510200852497,183723231,,netral
1.94E+18,Fri Jul 04 12:58:35 +0000 2025,0,@dheppylovelly Langkah Kemenkeu pas banget sama arahan efisiensi Presiden Prabowo buat majukan Asta Cita,1.94E+18,,dheppylovelly,in,,0,0,0,https://x.com/undefined/status/1941119448414654534,1.71E+18,,positif
1.94E+18,Fri Jul 04 12:57:19 +0000 2025,0,Hastarini dan tagar #ReshuffleMenteriUMKM kalo gak penting sekali sebaiknya gak usah diikutkan. apalagi ini sedang efisiensi anggaran,1.94E+18,,,in,,0,0,0,https://x.com/undefined/status/1941119130188628458,1.69E+18,,negatif
1.94E+18,Fri Jul 04 12:56:34 +0000 2025,0,@yusuf_dumdum ..woii menetri @KementerianUMKM ngelesnya kurang smooth. efisiensi anggaran era @prabowo @setkabgoid,1.94E+18,,yusuf_dumdum,in,,0,1,0,https://x.com/undefined/status/1941118942854218150,1.59E+18,,negatif
1.94E+18,Fri Jul 04 12:54:04 +0000 2025,0,Prabowo-Gibran sedang mengejar efisiensi meritokrasi dan profesionalisme. Lalu kenapa ada menteri yang malah berbuat sebaliknya? #ReshuffleMenteriUMKM,1.94E+18,,,in,,0,1,0,https://x.com/undefined/status/1941118312945197243,1.91E+18,,positif
1.94E+18,Fri Jul 04 12:53:46 +0000 2025,0,@fefrety efisiensi ,1.94E+18,,fefrety,es,,0,0,0,https://x.com/undefined/status/1941118237997150329,1.75E+18,,netral
1.94E+18,Fri Jul 04 12:52:37 +0000 2025,0,Melawan kebijakan Presiden @prabowo Ttng anjuran untuk efisiensi anggaran negara. @Prabowo Agustina Hastarini #ReshuffleMenteriUMKM,1.94E+18,,SrikandiO8,in,,0,1,0,https://x.com/undefined/status/1941117947067670583,1.49E+18,,negatif
1.94E+18,Fri Jul 04 12:52:31 +0000 2025,0,@dheppylovelly Presiden Prabowo bener-bener mikirin masa depan keren Kemenkeu langsung ikut efisiensi sesuai arahan #EfisiensiAnggaranDemiIndonesia,1.94E+18,,dheppylovelly,in,,0,0,0,https://x.com/undefined/status/1941117923520897168,1.71E+18,,positif
1.94E+18,Fri Jul 04 12:52:22 +0000 2025,0,Di tengah efisiensi APBN tidak seharusnya istri Agustina Hastarini yg hanya istri dari mentri mengikuti kegiatan keliling eropa dan meminta pendampingan dengan alasan misi budaya #ReshuffleMenteriUMKM,1.94E+18,,oxrth_,in,,0,1,0,https://x.com/undefined/status/1941117885331722340,2215850144,,negatif
1.94E+18,Fri Jul 04 12:50:58 +0000 2025,0,KELAKUAN ISTRI MENTERI UMKM INI EMANG MENCORENG PEMERINTAHAN PRABOWO GIBRAN PAK @prabowo MEMUTUSKAN EFISIENSI ANGGARAN DI KALANGAN PEJABAT NEGARA Agustina Hastarini #ReshuffleMenteriUMKM,1.94E+18,,,in,,0,1,0,https://x.com/undefined/status/1941117533895246297,1.92E+18,,negatif
1.94E+18,Fri Jul 04 12:50:42 +0000 2025,0,@mieayamiya ini demi efisiensi ,1.94E+18,,mieayamiya,it,,0,0,0,https://x.com/undefined/status/1941117464324218919,47028843,,netral
1.94E+18,Fri Jul 04 12:50:11 +0000 2025,0,Terlepas dari itu semua setiap warga negara yang memikul amanah dari presiden sebagai seorang menteri sudah semestinya bersikap dan berperilaku sesuai dengan arahan dan instruksi presiden EFISIENSI Agustina Hastarini #ReshuffleMenteriUMKM,1.94E+18,,NKRITetapDiHati,in,,0,0,0,https://x.com/undefined/status/1941117333701108083,1.55E+18,,positif
1.94E+18,Fri Jul 04 12:47:36 +0000 2025,0,@painapplefinee efisiensi ,1.94E+18,,painapplefinee,es,,0,1,0,https://x.com/undefined/status/1941116683390943675,1.06E+18,,netral
1.94E+18,Fri Jul 04 12:46:24 +0000 2025,0,INI PKM JUGA KENA EFISIENSI KAH???,1.94E+18,,,in,,0,0,0,https://x.com/undefined/status/1941116384790098381,1.74E+18,,negatif
1.94E+18,Fri Jul 04 12:46:11 +0000 2025,5,Dampak efisiensi pelatihan yang biasanya 3 hari 2 malam nginep eh sekarang jadi 1 hari online dan 1 hari offline tanpa menginap,1.94E+18,,,in,,0,0,0,https://x.com/undefined/status/1941116330234773655,1.62E+18,,negatif
1.94E+18,Fri Jul 04 12:46:01 +0000 2025,0,KBRI bukan organ protokoler keluarga pejabat. Permintaan pendampingan ke 9 negara untuk Agustina Hastarini telah menyalahi asas efisiensi birokrasi. #ReshuffleMenteriUMKM,1.94E+18,,tahutabrak,in,,0,1,0,https://x.com/undefined/status/1941116286291108045,3581514869,,negatif
1.94E+18,Fri Jul 04 12:45:15 +0000 2025,0,Efisiensi woooy. Yg gak berkepentingan ngapa cari2 urusan. Agustina Hastarini #ReshuffleMenteriUMKM,1.94E+18,,khaliqbyard215,in,,0,1,0,https://x.com/undefined/status/1941116093671813124,909446562,,negatif
1.94E+18,Fri Jul 04 12:45:04 +0000 2025,0,Presiden Prabowo punya program Efisiensi anggaran.. ini kementerian UMKM ngapain coba bikin surat edaran ke kedubes2? Abuse power? Agustina Hastarini #ReshuffleMenteriUMKM,1.94E+18,,,in,,0,1,0,https://x.com/undefined/status/1941116049254150344,1.93E+18,,negatif
1.94E+18,Fri Jul 04 12:44:26 +0000 2025,0,Pemerintah @prabowo baru efisiensi anggaran melihat kelakuan Agustina Hastarini itukan menciderai @prabowo #ReshuffleMenteriUMKM,1.94E+18,,,in,,0,1,0,https://x.com/undefined/status/1941115888780145065,1.93E+18,,negatif
1.94E+18,Fri Jul 04 12:43:11 +0000 2025,0,Ini sungguh meresahkan. Dimana efisiensi yg dilakukan negara? Agustina Hastarini #ReshuffleMenteriUMKM,1.94E+18,,Nge_reogx,in,,0,1,0,https://x.com/undefined/status/1941115574861619201,750791112,,negatif
1.94E+18,Fri Jul 04 12:42:59 +0000 2025,1,Pak presiden @prabowo buat perintah untuk efisiensi Anggaran pemerintah. eh ini ada yg menyalahgunakan jabatan dari kementerian UMKM Bikin repot abdi negara di luar negeri. hanya untuk ngurusi istri menteri yg jalan jalan. Agustina Hastarini #ReshuffleMenteriUMKM https://t.co/ynt9w0M5Rk,1.94E+18,https://pbs.twimg.com/media/GvA6Ru8XkAAxCO0.jpg,,in,,0,1,0,https://x.com/undefined/status/1941115522927808621,2217829813,,negatif
1.94E+18,Fri Jul 04 12:42:40 +0000 2025,0,Dia melakukan efisiensi dgn menggunakan misi kebudayaan. Agustina Hastarini #ReshuffleMenteriUMKM,1.94E+18,,SalomeBeltedor,in,,0,1,0,https://x.com/undefined/status/1941115444691440032,2495173952,,negatif
1.94E+18,Fri Jul 04 12:42:40 +0000 2025,1,@Bambangmulyonoo Coba Audit ... apakah betul 1 buah robot tersebut seharga 3M ... apakah ini sejalan dg efisiensi dimana negara sedang melakukan pengetatan angaran ... ? Kenapa tidak di kembangkan sendiri dg karya anak bangsa dg melalukan kerjasama dg negara pencipta robot tsb,1.94E+18,,Bambangmulyonoo,in,,0,0,0,https://x.com/undefined/status/1941115442720051516,1.92E+18,,negatif
1.94E+18,Fri Jul 04 12:42:14 +0000 2025,0,Dimana efisiensi nya? Agustina Hastarini #ReshuffleMenteriUMKM,1.94E+18,,IpehBe,in,,0,1,0,https://x.com/undefined/status/1941115333848543360,1.42E+18,,negatif
1.94E+18,Fri Jul 04 12:41:58 +0000 2025,0,Memprihatinkan. Harusnya mempertimbangkan banyak hal. Termasuk efisiensi. Agustina Hastarini #ReshuffleMenteriUMKM,1.94E+18,,Doker541,in,,0,1,0,https://x.com/undefined/status/1941115267993706654,2250509935,,negatif
1.94E+18,Fri Jul 04 12:41:49 +0000 2025,1,@roniistianto7 @nurulhaqqy @GOAL_ID @aseanutdfc Aahh dari sini udah keliatan nulis efisiensi aja udah salah makasih bang atas waktunya ,1.94E+18,,roniistianto7,in,,0,1,0,https://x.com/undefined/status/1941115229787877523,1.86E+18,,netral
1.94E+18,Fri Jul 04 12:40:53 +0000 2025,0,Efisiensi perjalanan dinas ini apakah dinas? 8 negara lhooo. Agustina Hastarini #ReshuffleMenteriUMKM,1.94E+18,,ndoropayung,in,,0,1,0,https://x.com/undefined/status/1941114996311859646,1.87E+18,,negatif
1.94E+18,Fri Jul 04 12:40:54 +0000 2025,0,Sudah jelas kalau MBG itu modus korupsi berkedok efisiensi anggaran anggarannya paling gede laporannya dicuekin aja.,,,,,,,,,,,,negatif
1.94E+18,Fri Jul 04 12:45:04 +0000 2025,0,Presiden Saya Prabowo punya program Efisiensi anggaran.. ini kementerian UMKM ngapain coba bikin surat edaran ke kedubes2? Abuse power? Agustina Hastarini #ReshuffleMenteriUMKM,1.94E+18,,,in,,0,1,0,https://x.com/undefined/status/1941116049254150344,1.93E+18,,negatif
1.94E+18,Fri Jul 04 12:44:26 +0000 2025,0,Pemerintah Aku @prabowo baru efisiensi anggaran melihat kelakuan Agustina Hastarini itukan menciderai @prabowo #ReshuffleMenteriUMKM,1.94E+18,,,in,,0,1,0,https://x.com/undefined/status/1941115888780145065,1.93E+18,,negatif
1.94E+18,Fri Jul 04 12:43:11 +0000 2025,0,Ini sungguh Aku meresahkan. Dimana efisiensi yg dilakukan negara? Agustina Hastarini #ReshuffleMenteriUMKM,1.94E+18,,Nge_reogx,in,,0,1,0,https://x.com/undefined/status/1941115574861619201,750791112,,negatif
1.94E+18,Fri Jul 04 12:42:59 +0000 2025,1,Pak presiden mereka @prabowo buat perintah untuk efisiensi Anggaran pemerintah. eh ini ada yg menyalahgunakan jabatan dari kementerian UMKM Bikin repot abdi negara di luar negeri. hanya untuk ngurusi istri menteri yg jalan jalan. Agustina Hastarini #ReshuffleMenteriUMKM https://t.co/ynt9w0M5Rk,1.94E+18,https://pbs.twimg.com/media/GvA6Ru8XkAAxCO0.jpg,,in,,0,1,0,https://x.com/undefined/status/1941115522927808621,2217829813,,negatif
1.94E+18,Fri Jul 04 12:42:40 +0000 2025,0,Dia melakukan lagi efisiensi dgn menggunakan misi kebudayaan. Agustina Hastarini #ReshuffleMenteriUMKM,1.94E+18,,SalomeBeltedor,in,,0,1,0,https://x.com/undefined/status/1941115444691440032,2495173952,,negatif
1.94E+18,Fri Jul 04 12:42:40 +0000 2025,1, Coba Audit ... apakah betul buat D3581 buah robot tersebut seharga 3M ... apakah ini sejalan dg efisiensi dimana negara sedang melakukan pengetatan angaran ... ? Kenapa tidak di kembangkan sendiri dg karya anak bangsa dg melalukan kerjasama dg negara pencipta robot tsb,1.94E+18,,Bambangmulyonoo,in,,0,0,0,https://x.com/undefined/status/1941115442720051516,1.92E+18,,negatif
1.94E+18,Fri Jul 04 12:42:14 +0000 2025,0,Dimana efisiensi nya? Agustina coba Hastarini #ReshuffleMenteriUMKM,1.94E+18,,IpehBe,in,,0,1,0,https://x.com/undefined/status/1941115333848543360,1.42E+18,,negatif
1.94E+18,Fri Jul 04 12:41:58 +0000 2025,0,Memprihatinkan. Harusnya ulang mempertimbangkan banyak hal. Termasuk efisiensi. Agustina Hastarini #ReshuffleMenteriUMKM,1.94E+18,,Doker541,in,,0,1,0,https://x.com/undefined/status/1941115267993706654,2250509935,,negatif
1.94E+18,Fri Jul 04 12:41:49 +0000 2025,1,aseanutdfc Aahh dari sini  gantian udah keliatan D363nulis efisiensi aja udah salah makasih bang atas waktunya ,1.94E+18,,roniistianto7,in,,0,1,0,https://x.com/undefined/status/1941115229787877523,1.86E+18,,netral
1.94E+18,Fri Jul 04 12:40:53 +0000 2025,0,Efisiensi perjalananburu dinas ini apakah dinas? 8 negara lhooo. Agustina Hastarini #ReshuffleMenteriUMKM,1.94E+18,,ndoropayung,in,,0,1,0,https://x.com/undefined/status/1941114996311859646,1.87E+18,,negatif
1.94E+18,Fri Jul 04 12:40:54 +0000 2025,0,Sudah jelas kalau MBG itu ko modus korupsi berkedok efisiensi anggaran anggarannya paling gede laporannya dicuekin aja.,,,,,,,,,,,,negatif
