conversation_id_str,created_at,favorite_count,full_text,id_str,image_url,in_reply_to_screen_name,lang,location,quote_count,reply_count,retweet_count,tweet_url,user_id_str,username
1.91359E+18,Sat Apr 19 14:03:17 +0000 2025,0,Alasannya Efesiensi Anggaran. Tapi Realitasnya karna Beda Pilihan Pas Pilkada Jadi Honorer ini yang gak memilih bupati yg sekarang SK nya gak akan diperpanjang. Gapapa soal perpanjangan SK tapi Dzolimnya mereka gak membayar gaji Para Honorer dari Januari - Maret.,1.91359E+18,,haloramadhan,in,,0,1,0,https://x.com/haloramadhan/status/1913594253529264191,1.61686E+18,haloramadhan
1.91244E+18,Thu Apr 17 06:11:48 +0000 2025,1,@hardye76 Kebijakan kebijakan nya tidak melalui kajian ilmiah jd banyak yg mangkrak MBG mulai kelihatan benang kusut nya efesiensi anggaran carut marut .. tarif listrik naik turun kaya kolor,1.91275E+18,,hardye76,in,"Cirebon, Jawa Barat",0,0,1,https://x.com/Mulyadisae03/status/1912750824536854866,1.77266E+18,Mulyadisae03
1.91274E+18,Thu Apr 17 05:47:45 +0000 2025,0,efesiensi anggaran + gak ribet butuh banyak tukang = org rab senyam senyum ,1.91274E+18,,,in,safe place ,0,0,0,https://x.com/bloomgiseokgi/status/1912744772260733024,1.59748E+18,bloomgiseokgi
1.91236E+18,Thu Apr 17 02:47:58 +0000 2025,0,@ekokuntadhi1 Anggaran sudah efesiensi MBG juga kagak jelas terus dana efesiensi itu lari kemana?,1.9127E+18,,ekokuntadhi1,in,,0,0,0,https://x.com/TheRingOfFire7/status/1912699527234203913,1.33559E+18,TheRingOfFire7
1.91256E+18,Wed Apr 16 17:46:41 +0000 2025,0,SORRY NIIHH YAAAA EMANG ANGGARAN LU EFESIENSI MULU GDKEDBKD ,1.91256E+18,,,in,,0,0,0,https://x.com/Vazyvlay/status/1912563309733462408,1.08402E+18,Vazyvlay
1.91241E+18,Wed Apr 16 07:52:25 +0000 2025,0,how can nunggak mbg dan efesiensi jd term yg berlawanan. they said that efesiensi anggaran /dgn merumahkan pekerja-motong anggaran berbagai sektor/ terjadi sejak program MBG dimulai. tapi ternyata dana MBG pun nunggak? like where's all the money dear mr &amp; mrs pejabat?,1.91241E+18,,,in,,0,0,0,https://x.com/SweetFleur_/status/1912413759085101182,1.3554E+18,SweetFleur_
1.91241E+18,Wed Apr 16 07:41:29 +0000 2025,0,Efesiensi anggaran tengah dilakukan secara nasional. Wamendes PDT A Riza Patria menekankan pentingnya pendekatan hexahelix yang merupakan sinergi antara 6 pihak. @A_rizapatria @YandriSusanto @kemendespdt #BangunDesaBangunIndonesia https://t.co/afnANhP1eV,1.91241E+18,https://pbs.twimg.com/media/Goo_rI_WcAArSOj.jpg,,in,"Indramayu, Indonesia",0,0,0,https://x.com/MuhajirinJ10433/status/1912411005063479446,1.81792E+18,MuhajirinJ10433
1.9124E+18,Wed Apr 16 07:07:08 +0000 2025,33,Efesiensi anggaran tengah dilakukan secara nasional. Wamendes PDT A Riza Patria menekankan pentingnya pendekatan hexahelix yang merupakan sinergi antara 6 pihak. https://t.co/LempkRd5HS,1.9124E+18,https://pbs.twimg.com/media/Goo3zxMXoAAyCZT.jpg,,in,"DKI Jakarta, Indonesia",1,1,17,https://x.com/kemendespdt/status/1912402362205106473,802380540,kemendespdt
1.91236E+18,Wed Apr 16 04:01:55 +0000 2025,0,HARUSNYA NEGARA BERJALAN NORMAL SAJA GAK PERLU ADA EFESIENSI ANGGARAN... YG TERPENTING ADALAH KETEGASAN PEMERINTAH DALAM MEMBERANTAS KORUPTOR!!. AKAR PERMASALAHAN NEGARA INI HANYALAH HUKUM YG LEMAH PEJABAT TINGGI YG KORUP INSTITUSI HUKUM KORUP HINGGA SEMUANYA IKUT KORUP..,1.91236E+18,,,in,"Serpong, Indonesia",0,0,0,https://x.com/M17522147/status/1912355751819194741,8.91884E+17,M17522147
1.91234E+18,Wed Apr 16 03:09:48 +0000 2025,0,Katanya efesiensi anggaran tapi bikin ini bikin itu yg menghabiskan anggaran. Sudahlah menghabiskan anggaran berpotensi rugi pula https://t.co/y4Ms44BtAz,1.91234E+18,,,in,Indonesia,0,0,0,https://x.com/WingDirgantara2/status/1912342633835556995,1.60446E+18,WingDirgantara2
1.90922E+18,Wed Apr 16 02:32:18 +0000 2025,0,@wonbij @1 DANG... ternyata gak cuma negara aja ya yang efesiensi anggaran idol juga kena??? ,1.91233E+18,,wonbij,in,"‚†Ä‚†Ä‚†Ä‚†Ä‚†Ä‚¢Ä‚£∂‚£¶‚£§‚£Ä‚†Ä‚£Ä‚£§‚£∂‚£∂‚°Ñ‚†Ä‚†Ä‚†Ä‚†Ä‚†Ä‚†Ä‚†Ä
‚†Ä‚†Ä‚†Ä‚†Ä‚†Ä‚†∏‚£ø‚†ü‚†õ‚¢â‚°ù‚¢Ø‚£ù‚†ª‚¢ø‚°á‚†Ä‚£†‚£Ü‚°Ä‚†Ä‚†Ä‚†Ä
‚†Ä‚†Ä‚†Ä‚†Ä‚¢Ä‚£§‚£µ‚£∂‚£∂‚†ø‚†Å‚†à‚¢ø‚£¶‚°Ä‚†Ä‚¢†‚°ø‚†ã‚†Ä‚†Ä‚†Ä‚†Ä
‚†Ä‚†Ä‚†Ä‚¢†‚†ã‚†â‚†â‚†Å‚†Ä‚†Ä‚†Ä‚†Ä‚†Ä‚†â‚†ì‚†í‚†ã‚†Ä‚†Ä‚†Ä‚†Ä‚†Ä‚†Ä‚†Ä‚†Ä‚†Ä
Ni-Ki & Beomgyu, i love being yours üê±ü©∑",0,0,0,https://x.com/yjungwonm/status/1912333198211838164,1.07722E+18,yjungwonm
1.91231E+18,Wed Apr 16 01:17:38 +0000 2025,1,Serang dan Hujat PPn 12% MBG Efesiensi anggaran RUU TNI IHSG Perang dagang AS Relokasi rakyat Palestina GAGAL Lalu Kembali Lagi Ke Ijazah Kalah itu bikin gelisah,1.91231E+18,,,in,"West Borneo, Indonesia",0,0,2,https://x.com/IrawanRommi/status/1912314406056419646,1.34899E+18,IrawanRommi
1.91213E+18,Tue Apr 15 13:09:15 +0000 2025,0,@tempodotco Ya jelas buruk...krn ada efesiensi anggaran terutama buat media2...jd harus lebih kenceng ngulik Pemerintah biar oplahnye naik.,1.91213E+18,,tempodotco,in,"B, L, W, N, AG, AE, DD",0,0,0,https://x.com/AryaWidipa/status/1912131103881920897,4310972719,AryaWidipa
1.90922E+18,Tue Apr 15 11:56:57 +0000 2025,0,@yjungwonm @1 GAK GITU YAA DD. PLS JANGAN TWIST TWEETKU. T_____T maaf kalau lagi efesiensi anggaran.,1.91211E+18,,yjungwonm,in,üêà‚Äç‚¨õ . . Ìå¨Ïù¥ ÏûëÏÑ±Ìïú Í≥ÑÏ†ï Àã02.,0,1,0,https://x.com/wonbij/status/1912112909196697661,2261758944,wonbij
1.91201E+18,Tue Apr 15 05:01:17 +0000 2025,0,Demi efesiensi anggaran dan lebih sehat mari kita coba masak nugget pake oven toaster wkwkwkwk https://t.co/xXd7iyioEx,1.91201E+18,https://pbs.twimg.com/media/GojRaxCXIAAdENk.jpg,,in,Indonesia,0,1,0,https://x.com/bojone_seonho/status/1912008302726435211,1.41918E+18,bojone_seonho
1.91167E+18,Mon Apr 14 06:27:10 +0000 2025,0,Efesiensi Anggaran,1.91167E+18,,,in,,0,0,0,https://x.com/FahmiIdris57108/status/1911667527488585943,1.6417E+18,FahmiIdris57108
1.9113E+18,Sun Apr 13 15:30:55 +0000 2025,0,@03__nakula Utk efesiensi anggaran negara dan menghindari tumpang tindih pengudsutan kasus Tipikor serta semkin berdayanya kejksaan maka sdh waktunya kpk ditiadakn kemblikn pengusutn korupsi kpd Kejaksaan dan Polri. Anggap status ad hock kpk sdh berakhir tugs dikmblkn pd pemilik awal.,1.91144E+18,,03__nakula,in,,0,0,0,https://x.com/cutmalika63/status/1911441980975874117,1.85349E+18,cutmalika63
1.91141E+18,Sun Apr 13 13:16:58 +0000 2025,0,Aku kira dampak efesiensi anggaran cuman bisa dilihat di sosmed doang ternyata aku sendiri ngerasakan dampaknya. Jadi buat adek-adek yang dapat makan siang gratis semangat belajarnya yaa jangan malas2 disitu ada keikhlasan hati kakak2 yang kena efisiensi anggaran tahun 2025 :),1.91141E+18,,,in,"East borneo, Indonesia",0,1,0,https://x.com/ndyfajr/status/1911408270486430119,2695301155,ndyfajr
1.73247E+18,Sun Apr 13 11:22:48 +0000 2025,0,Buat ciwi ciwi yang bulu alisnye kena efesiensi anggaran saat diciptakan.. rajinlah pake serum bulu mata biar gak terlalu botak. Ini ga perih serumnye dan mursidah https://t.co/58h6EYWkAa https://t.co/pCyGCDSQhs,1.91138E+18,https://pbs.twimg.com/media/GoaVjvOWcAAguDL.jpg,JihaanJe,in,Jeddah,0,0,0,https://x.com/JihaanJe/status/1911379540980433302,923677916,JihaanJe
1.91124E+18,Sun Apr 13 04:19:49 +0000 2025,1,@miawjito Gua butuh loker aja si.. Udah 3 bulan dipecat karna efesiensi anggaran,1.91127E+18,,miawjito,in,"Jakarta Selatan, DKI Jakarta",0,0,0,https://x.com/numbsembilan/status/1911273092560961644,1.14347E+18,numbsembilan
1.91125E+18,Sun Apr 13 02:35:46 +0000 2025,1,...demi meraih simpat dunia...sementara anggaran pendidikan di negeri sendiri dipangkas demi efesiensi...,1.91125E+18,,,in,Twitterland is not a diary!,0,0,0,https://x.com/M4ngU5il/status/1911246908808679837,388798201,M4ngU5il
1.9111E+18,Sat Apr 12 16:51:54 +0000 2025,0,Jam segini masif bener Buzzer ¬≤nya mainin tagar LawanProvokasi Efesiensi Anggaran Ndas mu !!!.,1.9111E+18,,,in,DI BUMI ALLAH,0,0,0,https://x.com/ARisnawan82/status/1911099970989789298,3719816714,ARisnawan82
1.91064E+18,Sat Apr 12 06:06:13 +0000 2025,0,@UmarHasibuan__ Oi..berang2 Lo nggak liat nie nge efesiensi anggaran Lo malah ngajuin anggaran yg berpotensi korup. Nanti dulu...,1.91094E+18,,UmarHasibuan__,in,,0,0,0,https://x.com/ari20186/status/1910937482432225622,66626342,ari20186
1.91052E+18,Sat Apr 12 02:34:31 +0000 2025,0,@HeryIdris5 Pemerintah melakukan efesiensi anggaran untuk kepentingan rakyatnya sendiri sementara hambur-hamburan untuk rakyat bangsa lain cuma demi kemanusiaan.,1.91088E+18,,HeryIdris5,in,,0,0,0,https://x.com/mend_eman71/status/1910884203216117893,1.75669E+18,mend_eman71
1.91052E+18,Fri Apr 11 10:20:54 +0000 2025,0,@HeryIdris5 Ini sih pencitraan ktx efesiensi anggaran. Klo mau bantu rakyatnya dulu br orang lain.bukanx g ada empati sama kebiadaban Israel.,1.91064E+18,,HeryIdris5,in,,0,0,0,https://x.com/salehud18121260/status/1910639184202571799,1.88006E+18,salehud18121260
1.91055E+18,Fri Apr 11 08:38:37 +0000 2025,26,@senogp Tapi gw liat dah ada juga kok kebijakan struktural dengan diterbitkan nya Perda mengenai Infrastruktur efesiensi anggarana alih fungsi lahan dan relokasi anggaran Ini sejak februari 2025 ,1.91061E+18,,senogp,in,"Indonesia, west Java",0,3,1,https://x.com/jks_atta/status/1910613444375486957,1.69789E+18,jks_atta
1.91056E+18,Fri Apr 11 05:03:53 +0000 2025,0,Halo Pak @prabowo ini cara anda untuk efesiensi anggaran negara ya?,1.91056E+18,,,in,"China,Macau",0,0,0,https://x.com/bundalestari875/status/1910559407425134908,1.49434E+18,bundalestari875
1.91027E+18,Fri Apr 11 03:38:17 +0000 2025,0,@kegblgnunfaedh Palingan nanti juga ujung nya efesiensi anggaran lagi klo buat ngebantu beneran sih gpp yang jadi masalah pasti pada tau sendiri anggaran bakal kaburnya kemana,1.91054E+18,,kegblgnunfaedh,in,,0,0,0,https://x.com/Rifki2709003/status/1910537863109984283,1.65999E+18,Rifki2709003
1.91038E+18,Thu Apr 10 17:10:07 +0000 2025,0,Efesiensi Anggaran Ndasmu !!!.,1.91038E+18,,,in,DI BUMI ALLAH,0,0,0,https://x.com/ARisnawan82/status/1910379781356695622,3719816714,ARisnawan82
1.90995E+18,Thu Apr 10 16:51:07 +0000 2025,0,@inilahdotcom Ooh...ini cuma sekedar efesiensi waktu Time is money. Efesiensi anggaran tijukan hanya untuk Rakyat bukan untuk pejabat. https://t.co/0hE8Pq9prU,1.91037E+18,https://pbs.twimg.com/media/GoMD78CbYAAZ5C3.jpg,inilahdotcom,in,,0,0,0,https://x.com/DMieaceh80579/status/1910374999048749309,1.81351E+18,DMieaceh80579
1.89156E+18,Thu Apr 10 15:46:10 +0000 2025,0,@FabrizioRomano Emyu gak punya duit please jangan tag emyu lagi efesiensi anggaran smaa kaya konoha,1.91036E+18,,FabrizioRomano,in,,0,0,0,https://x.com/bongkrekAlus/status/1910358652466401403,1.78014E+18,bongkrekAlus
1.91036E+18,Thu Apr 10 15:40:54 +0000 2025,3,Praktek-Praktek Efesiensi Anggaran itu begini Saudara-saudara... https://t.co/7z2NCkS9ZA,1.91036E+18,https://pbs.twimg.com/media/GoLz3KtbQAAi7DF.jpg,,in,,0,0,0,https://x.com/Opiniku95098012/status/1910357327435510076,1.64528E+18,Opiniku95098012
1.91036E+18,Thu Apr 10 15:40:16 +0000 2025,1,Efesiensi anggaran berasa juga ke BMKG kah sampai blm ada update gempanya nih ? OMG ,1.91036E+18,,,in,between Venus and Mars,0,2,1,https://x.com/mustikari/status/1910357169075274219,403478714,mustikari
1.91036E+18,Thu Apr 10 15:40:04 +0000 2025,0,@sketchyboyyyy @infoBMKG Eh wajit ka pemerintah protes bongan beynang efesiensi anggaran dipotong jadi teu update gempa,1.91036E+18,,sketchyboyyyy,in,Indonesia,0,0,0,https://x.com/ryeohnim/status/1910357117955108874,1359672277,ryeohnim
1.91036E+18,Thu Apr 10 15:34:07 +0000 2025,1,@ BMKG update nya lamaaa bngt min efek efesiensi anggaran kah ,1.91036E+18,,,in,"Bogor, Indonesia",0,1,1,https://x.com/peachbunnyr/status/1910355621330989297,1359239184,peachbunnyr
1.90918E+18,Mon Apr 07 09:38:20 +0000 2025,0,Karna efesiensi anggaran klo ngantuk transit di pom bensin dan rest area .. itulah guna mereka diciptakan..,1.90918E+18,,,in,Jeddah,0,0,0,https://x.com/JihaanJe/status/1909178922006175983,923677916,JihaanJe
1.90918E+18,Mon Apr 07 09:28:26 +0000 2025,0,lucu banget ada negara lagi pontang panting efesiensi anggaran tapi influence yang ngedukung saat kampanye kemaren dapat hampers lebaran efesiensi anggaran bukan buat beginian kan? ga mungkin duit pribadi soalnya tulisannya istana negara,1.90918E+18,,,in,,0,0,0,https://x.com/meeaw_yo/status/1909176429193089065,1.52463E+18,meeaw_yo
1.90806E+18,Sun Apr 06 04:42:23 +0000 2025,1,@DSofdi @TeguhAriffaiz Duit ny kan ad bang anggaran kemenhan skitar 168 T tnpa di efesiensi,1.90874E+18,,DSofdi,in,"Kota Palembang, Sumatera Selat",0,1,0,https://x.com/RamaSaputr95610/status/1908742057520456068,1.87503E+18,RamaSaputr95610
1.90871E+18,Sun Apr 06 02:50:08 +0000 2025,5,Menunggu janji yang sudah terucapkan. Semoga Kemenkes tidak masuk dalam program efesiensi anggaran. https://t.co/MVqq8QwAye,1.90871E+18,https://pbs.twimg.com/ext_tw_video_thumb/1908713770689716227/pu/img/NYfWJfCauhGbwJLa.jpg,,in,,0,0,0,https://x.com/Bersinar2023/status/1908713806475460876,1.72594E+18,Bersinar2023
1.90867E+18,Sun Apr 06 01:44:49 +0000 2025,0,@AlwiJo Iya. Ngapain ya. Buang2 anggaran aja. Harusnya ini yg kena efesiensi #BatalkanRUUTNI #KawalRKUHAP #SupremasiSipil,1.9087E+18,,AlwiJo,in,,0,0,0,https://x.com/ulpek/status/1908697368809320701,95582701,ulpek
1.90853E+18,Sun Apr 06 01:06:42 +0000 2025,0,sementara itu di US lagi ada protest besar2an ke elon-trump yg motong anggaran banyak layanan publik dengan dalih efesiensi (DOGE Department of Government Efficiency) betul EFESIENSI. terdengar familiar? https://t.co/9oMjzyavYw,1.90869E+18,,saint_jimmy27,in,Earth-1218,0,0,0,https://x.com/saint_jimmy27/status/1908687775647621568,123792395,saint_jimmy27
1.90833E+18,Sat Apr 05 13:44:40 +0000 2025,0,@aewin86 pasti tidak akan terjadi efesiensi anggaran,1.90852E+18,,aewin86,in,,0,0,0,https://x.com/69_baik/status/1908516139300528278,1.5707E+18,69_baik
1.90837E+18,Sat Apr 05 04:28:36 +0000 2025,0,@grok Hmm gitu ya... Tapi menurut gue parah banget sih... Segala ada efesiensi anggaran dwifungsi TNI terus dia gak mau denger aspirasi rakyat DPR nya juga kayak kentut,1.90838E+18,,grok,in,,0,0,0,https://x.com/rahaggi/status/1908376200420241762,1.87333E+18,rahaggi
1.90808E+18,Sat Apr 05 02:39:56 +0000 2025,0,@susipudjiastuti @prabowo Emang kontradiktif dengan gembar gembor efesiensi anggaran,1.90835E+18,,susipudjiastuti,in,"Gununghalu, Indonesia",0,0,0,https://x.com/BeGustiyan/status/1908348851742007575,1453757179,BeGustiyan
1.90818E+18,Fri Apr 04 15:48:45 +0000 2025,1,Kalau mau kayak jurnal nature ya dana risetnya jg harusnya memadai lahh utk tembus publish jurnal dana dari mahasiswa? Mana mau kita! Dari kampus jg kalo ga disponsori jg y kita harus bayar sendiri blm lg dana penelitian nya. Sedangkan anggaran aja kena efesiensi eh.,1.90818E+18,,,in,ü©∑üíúü©µ | forever 12 | she/her,0,1,1,https://x.com/mjdkayaraya/status/1908184975436103711,1.71071E+18,mjdkayaraya
1.90813E+18,Fri Apr 04 12:25:40 +0000 2025,0,@fyiuknow dampak efesiensi anggaran thr ditunda sampai batas waktu yg belum ditentukan a,1.90813E+18,,fyiuknow,in,Selatan Majalengka,0,0,0,https://x.com/MAHENDRA_GNW/status/1908133867535638713,3255884485,MAHENDRA_GNW
1.90807E+18,Fri Apr 04 09:02:17 +0000 2025,6,@titianggraini Partisipasi terkikis legalisme otokrasi meluas tak terbendung ditambah dgn kehendak politik komando pusat otonomi daerah semakin melemah memperhatikan peran DPRD dikesampingkan lihat saja pengambilan kputusan efesiensi anggaran mengkhawatirkan! https://t.co/jXIU1SuJ7j,1.90808E+18,,titianggraini,in,"√úT: -6.9340125,107.7194101",0,1,1,https://x.com/zalrijal/status/1908082686750765212,90293084,zalrijal
1.9077E+18,Fri Apr 04 00:48:04 +0000 2025,0,@ARSIPAJA Rakyatnya di efesiensi. Pejabatnya hambur hamburkan anggaran,1.90796E+18,,ARSIPAJA,in,,0,0,0,https://x.com/KakakPembina00/status/1907958310676181324,1.73587E+18,KakakPembina00
1.90762E+18,Thu Apr 03 23:06:10 +0000 2025,0,@bluecarcoal @worksfess Satu sektor kena yg lain juga ngikutin. Angkatan kerja baru belum terserap semuanya masih ditambah mereka yg kena efek efesiensi anggaran. Coba jumlah wamen dan stafsus itu yg dikurangi mungkin hasilnya beda,1.90793E+18,,bluecarcoal,in,"Yogyakarta, Indonesia",0,1,0,https://x.com/JustMention8/status/1907932670182699377,7.501E+17,JustMention8
1.9077E+18,Thu Apr 03 13:22:46 +0000 2025,0,@ARSIPAJA tp efesiensi anggaran hasil nya aset rakyat yg di sita bkn aset koruptor buang2 uang aja smntara rakyat susah,1.90779E+18,,ARSIPAJA,in,,0,0,0,https://x.com/hendraubol62/status/1907785850760605767,1.6537E+18,hendraubol62
1.90768E+18,Thu Apr 03 06:03:17 +0000 2025,0,Efesiensi anggaran itu dibelokan konsepnya oleh kelompok2 yg ingin menjatuhkan pemerintahan presiden @prabowo pada prinsipnya efesiensi itu pengalihan anggaran negara untuk hal yg lebih berjangka panjang (investasi) mulai MBG SR Kop merah putih dll. üáÆüá©@agusjabo333 @prima_or_id,1.90768E+18,,,in,Serang-Banten,0,0,0,https://x.com/kudelws/status/1907675252764885011,256633799,kudelws
1.9076E+18,Thu Apr 03 05:29:57 +0000 2025,0,@mohmahfudmd Prof..setuju tulisan ini dlm hal korupsi sbagai besar birokrasi pemerintahn&amp;birokrasi BUMN penuh korupsi dan defisit moral. Keliatannya pemerintahn Prabowo udah mulai sadar dgn kondisi ini sehingga Belio membuat efesiensi anggaran lebih Rp 300 Triliun tujuan nya sgt bagus.,1.90767E+18,,mohmahfudmd,in,,0,0,0,https://x.com/jeffreyjef81303/status/1907666864777605229,1.73671E+18,jeffreyjef81303
1.90756E+18,Wed Apr 02 22:28:23 +0000 2025,0,Kok ada orang mimpi soal efesiensi anggaran ,1.90756E+18,,,in,"Jakarta Pusat, DKI Jakarta",0,0,0,https://x.com/13tylr/status/1907560773968421324,1.59149E+18,13tylr
1.90727E+18,Wed Apr 02 03:29:06 +0000 2025,8,Fenomena mudik di wilayahku terasa sepi. Mgkinkah di daerah lain? Ada bbrp sebab mudik lebaran tahun ini sepi: 1. Ekonomi lesu.Banyak PHK 2. Para leluhur sdh tidak ada. 3. Banyak orang di desa lebih sukses. 4. Efesiensi anggaran keluarga. 5. Suksesnya dakwah wahabi.,1.90727E+18,,,in,,0,4,0,https://x.com/ToufikImtikhan2/status/1907274060301811909,1.22433E+18,ToufikImtikhan2
1.90626E+18,Tue Apr 01 07:12:37 +0000 2025,2,@wonglicik062 Pusing anggaran yg mau di korupsi udah di efesiensi ,1.90697E+18,,wonglicik062,in,,0,1,0,https://x.com/DS_yantie/status/1906967925782982963,1.37469E+18,DS_yantie
1.90682E+18,Mon Mar 31 21:28:17 +0000 2025,1,Tipikal anak pejabat yg harus dicontoh. Tidak arogan dan ketika menjabat. Prinsipnya ttg efesiensi anggaran mobil dinas serta menolak mentah-mentah lockdown seluruh Jawa di kala covid-19 karena Solo bukan zona merah üá≤üá® Sama warganya sayangnya pol! Yo Mas e kuwi ....,1.90682E+18,,,in,"Jakarta, Indonesia",0,0,0,https://x.com/ImaginarySteady/status/1906820872591257931,2556873745,ImaginarySteady
1.90619E+18,Mon Mar 31 07:03:18 +0000 2025,1,@hrdbacot disuruh efesiensi tapi dia sewa buzzer. makanya anggaran yg semestinya ke tempat yg lain. ujungnya pelihara buzzer karena tidak bs buat kebijakan.,1.9066E+18,,hrdbacot,in,,0,0,0,https://x.com/lopi_sembiring/status/1906603191111921688,7.97421E+17,lopi_sembiring
1.90597E+18,Mon Mar 31 01:59:06 +0000 2025,0,@Mindra_AZ @mas_veel Efesiensi besar-besaran tapi memperbesar kabinet buat kebijakan gak guna. Ngangkat menyri berdasarkan menjilat dia dan buzzer padahal kompetensi kagak ada kang lawak kang angkot bahkan kang silat diangkat tidak sesuai dengan keahliannya yang menghamburkan anggaran.,1.90653E+18,,chansanayka2612,in,Jakarta Capital Region,0,0,0,https://x.com/chansanayka2612/status/1906526639103807831,1.77919E+18,chansanayka2612
1.90627E+18,Sun Mar 30 08:56:47 +0000 2025,0,Modusnya sama kan. Setiap pemerintahan yg melakukan efesiensi anggaran akan mendapat tekanan dari kaum bar-bar yg mendapatkan keuntungan dari kebocoran korupsi anggaran-anggaran sebelumnya! Apalagi semenjak USAID distopz makn tantrum lah mereka ,1.90627E+18,,,in,"Jakarta, Indonesia",0,0,0,https://x.com/ImaginarySteady/status/1906269364292383076,2556873745,ImaginarySteady
1.90624E+18,Sun Mar 30 07:17:31 +0000 2025,0,panas bedengkang gini masa badai sih ini gr gr efesiensi anggaran bmkg y? https://t.co/79KxLGeyiT,1.90624E+18,https://pbs.twimg.com/media/GnRXKXubAAAUAzB.jpg,cwsxhale,in,,0,0,0,https://x.com/cwsxhale/status/1906244380580839909,1.35971E+18,cwsxhale
1.906E+18,Sat Mar 29 22:34:07 +0000 2025,0,@WagimanDeep212_ imbas efesiensi anggaran,1.90611E+18,,WagimanDeep212_,in,Sultan,0,0,0,https://x.com/bahdirdja/status/1906112662012067924,9.01431E+17,bahdirdja
1.9056E+18,Sat Mar 29 22:31:24 +0000 2025,1,@Bambangmulyonoo jangan2 efek dr efesiensi anggaran,1.90611E+18,,Bambangmulyonoo,in,Sultan,0,0,0,https://x.com/bahdirdja/status/1906111978856431904,9.01431E+17,bahdirdja
1.90556E+18,Sat Mar 29 00:33:14 +0000 2025,1,@tham878 Ini pemetintah kog selalu saja bikin kegaduhan dgn PPN lah dgn LPG lah efesiensi anggaran lah UU TNI lah terus habis ini apa lagi yg di buat apa pemerintah dak suka lihat rakyat aman dak ribut*...terus apa bisa di harap dari pemerintahan bgini...,1.90578E+18,,tham878,in,,0,0,0,https://x.com/NgajuNathan/status/1905780250690396586,1.49575E+18,NgajuNathan
1.90546E+18,Fri Mar 28 21:59:28 +0000 2025,1,@sutomoagus92 @Sinefail @prabowo Apa itu efesiensi.... Yg anggaran negara digunakan untuk nge gencet rakyat bukan mensejahterakan rakyat. Harusnya kita bisa protes si uang pajak digunakan hal hal yg ga jelas indikator keberhasilannya.,1.90574E+18,,sutomoagus92,in,,0,0,0,https://x.com/dranux/status/1905741557615178106,116374572,dranux
1.9057E+18,Fri Mar 28 19:20:52 +0000 2025,0,Kalau efesiensi anggaran @Prabowo sebesar 306 T adalah benar dan tepat tidak ada efek ekonomi apapun maka selama 10 thn ini jokowi telah melakukan pemborosan anggaran sebesar 10x306 = 3.060 TRILIUN tolong @KejaksaanRI urut jokowi seperti kau usut @tomlembong,1.9057E+18,,,in,,0,0,0,https://x.com/bungdree/status/1905701643670458430,72007047,bungdree
1.90554E+18,Fri Mar 28 09:45:55 +0000 2025,3,@zanatul_91 AI memang keniscayaan tapi lebih penting literasi AI dan selalu negara pasti gak pernah peduli soal itu. wong anggaran kajian dan fgd aja kena efesiensi. hahaha https://t.co/cYksDR7dlr,1.90556E+18,https://pbs.twimg.com/media/GnHl8kRbgAAOAkA.jpg,zanatul_91,in,nusantara,0,0,3,https://x.com/dayMuhammad_/status/1905556951603577309,9.09449E+17,dayMuhammad_
1.90527E+18,Fri Mar 28 07:32:17 +0000 2025,2,@geloraco Ooo begini toh cara melakukan efesiensi anggaran .. banyak banyak jabatan biar gaji berlipat lipat . Pejabatnya rekening tambah gendut untuk rakyat cukup makan gratis buat anaknya yg sekolah . Untuk orangtuanya silahkan pikir sendiri besok mau makan apa di rumah .,1.90552E+18,,geloraco,in,Bandar lampung,0,1,0,https://x.com/68Supriyono/status/1905523320868798981,2368881722,68Supriyono
1.90474E+18,Wed Mar 26 19:49:05 +0000 2025,0,@Srik4ndiMuslim2 Padahal anggaran mereka tdk kena efesiensi,1.90498E+18,,Srik4ndiMuslim2,in,"Central Java, Indonesia",0,0,0,https://x.com/Fiki_Alfathoni/status/1904983969244021170,215294114,Fiki_Alfathoni
1.90491E+18,Wed Mar 26 15:14:10 +0000 2025,2,thr tahun ini ga sbnyak tahun kmarin yah. apa efek ganti presiden? iyalah org efesiensi anggaran kan jd bnyak potongan wkwk,1.90491E+18,,,in,"Jambi, Indonesia",0,1,0,https://x.com/nudnes/status/1904914784921018562,2503269296,nudnes
1.90436E+18,Wed Mar 26 05:32:06 +0000 2025,1,@tekarok007 Semangat mahasiswa lebih mulia agar jalankan Tujuan Negara dlm UUD'45 &amp; Pancasila dg murni &amp; konsekwen. Ini kerjanya: -kumpul politik kekuasaan alasan persatuan -MBG agar dipilih berkuasa lagi -efesiensi Anggaran K/L dikuasai Pengawas &amp; Pejabat aneh¬≤ mantan korup/pernah dikudeta.,1.90477E+18,,tekarok007,in,,0,0,0,https://x.com/PrajogoJ7/status/1904768301135241563,1.55627E+18,PrajogoJ7
1.90474E+18,Wed Mar 26 03:55:17 +0000 2025,0,kena efesiensi anggaran,1.90474E+18,,,in,my work of words:,0,0,0,https://x.com/princessoobie/status/1904743935194669099,1.28889E+18,princessoobie
1.9047E+18,Wed Mar 26 00:44:19 +0000 2025,0,Bapak @erickthohir kan sudah liat siapa otak dibalik Taktik Indonesia semalam. Saran aja nih pak kan kita juga lagi efesiensi Anggaran mending Kluivertnya di lepas aja pak. Kurang2in beban Negara dikit ,1.9047E+18,,,in,,0,0,0,https://x.com/rezzamien/status/1904695878990049569,1.08731E+18,rezzamien
1.90457E+18,Wed Mar 26 00:15:22 +0000 2025,0,@unmagnetism Kualitas publik speaking pejabat sekarang bobrok. @prabowo Sepertinya pejabat perlu di ret-ret 100000 kali lagi biar tambah pintar berstatement di publik nih. Tp efesiensi anggaran jangan lupa pak ,1.90469E+18,,unmagnetism,in,,0,0,0,https://x.com/JAmoreka/status/1904688590661292039,1.82612E+18,JAmoreka
1.90451E+18,Tue Mar 25 22:20:47 +0000 2025,0,@domisilas Sorry anggaran lu kena efesiensi ,1.90466E+18,,domisilas,in,,0,0,0,https://x.com/gloryvory/status/1904659757505659060,1.49861E+18,gloryvory
1.90451E+18,Tue Mar 25 12:29:54 +0000 2025,0,Gara gara efesiensi jembut di desa vaksin untuk hewan ternak anggaran perhewan cuma 10rb. Dokter hewan pusing malah tombok akhirnya cuma sekenanya aja salurin vaksin pake dana pribadi,1.90451E+18,,,in,Surakarta,0,0,0,https://x.com/yosisaputras/status/1904511056153817385,351431755,yosisaputras
1.90439E+18,Tue Mar 25 08:21:10 +0000 2025,1,@NOTASLIMBOY Mahasiswa membaca penghasilan bapaknya yg mayoritas PNS dan pengusaha bakal kehilangan cuan gara gara efesiensi anggaran dan PP no 8/2025..,1.90445E+18,,NOTASLIMBOY,in,,0,0,0,https://x.com/ArmaZulfikar/status/1904448461946421296,1.39525E+18,ArmaZulfikar
1.90443E+18,Tue Mar 25 07:12:51 +0000 2025,0,akibat efesiensi anggaran,1.90443E+18,,,in,üçÄü´ôüíéüåπ,0,0,0,https://x.com/eajbrian/status/1904431265916527103,1.11179E+18,eajbrian
1.90441E+18,Tue Mar 25 05:46:55 +0000 2025,1,@NouraFayruz Uang bayar dah habis Karna efesiensi anggaran kak.,1.90441E+18,,NouraFayruz,in,"Morgantown, WV",0,1,0,https://x.com/TataGassing2/status/1904409640445653385,1.43265E+18,TataGassing2
1.90441E+18,Tue Mar 25 05:33:51 +0000 2025,1,tidak suka pemerintah fafifu yang katanya janji manis ukt gratis. memang bisa namun kalau sudah ada efesiensi demi mbg anggaran untuk keperluan lain bagaimana?apakah masih ada?saham aja dianggap remeh tak dapat dipungkiri hidup itu perlu yg namanya uang uang dan uang ,1.90441E+18,,,in,konoha,0,0,0,https://x.com/BastariSyafiq/status/1904406352354775305,1.37976E+18,BastariSyafiq
1.90415E+18,Tue Mar 25 04:59:49 +0000 2025,0,@OmpungGuru @prabowo Bro mahasiswa itu golongan menengah atas bukan bawah bro. Orang kurang mampu di Indonesia mayoritas cuma sampai SMA masuk kuliah itu mayoritas anak PNS dan pengusaha nah mahasiswa demo itu disebabkan orang tua mereka terkena efesiensi anggaran plus PP no 8/2025..!! Paham ora ,1.9044E+18,,OmpungGuru,in,,0,1,0,https://x.com/ArmaZulfikar/status/1904397787955146897,1.39525E+18,ArmaZulfikar
1.90413E+18,Tue Mar 25 04:20:52 +0000 2025,0,@merahbeat64 @kozirama kalo dah jam nutup sih ya pasti gelap. kan lampu dll dimatiin efesiensi anggaran.,1.90439E+18,,merahbeat64,in,Singapore,0,0,0,https://x.com/dmarvine/status/1904387985623113778,103847657,dmarvine
1.90437E+18,Tue Mar 25 03:20:10 +0000 2025,0,Efek Efesiensi Anggaran Pemkab HST Stop Galeri Promosi dan Pemasaran Pariwisata di Bali https://t.co/lPzQTgKG5r lewat @banjarmasinpost,1.90437E+18,,,in,"Banjarmasin, Kalsel",0,0,0,https://x.com/banjarmasinpost/status/1904372710924603643,65639033,banjarmasinpost
1.90381E+18,Mon Mar 24 17:36:05 +0000 2025,0,@umugosh Jujur aku khawatir soal masa depan kalo negara terus gini setiap tahun ada aja gebrakannyaaa apa2 efesiensi dan banyak pemotongan anggaran. Aku pengen sesekali ngmong sama wakil rakyat buat nyampein aspirasi aku #TolakUUTNI #TolakRevisiUUTNI #TolakRUUTNI #TolakDwifungsiABRI,1.90423E+18,,umugosh,in,"Central Java, Indonesia",0,0,1,https://x.com/Lilangsasugi_16/status/1904225723419890066,1.68817E+18,Lilangsasugi_16
1.90411E+18,Mon Mar 24 17:00:24 +0000 2025,1,@KompasTV beh ngeri kali memang anggaran buka bersama kepala daerah tiap hari bersama jajaran pejabat kepala daerahnya gak ada lagi efesiensi anggaran APBD diminta Teken perbub pencairan Tukin dan gaji 13 ASNya jelang lebaran malah kicep.,1.90422E+18,,KompasTV,in,,0,1,0,https://x.com/Partikellirs/status/1904216740663611869,1.59473E+18,Partikellirs
1.90418E+18,Mon Mar 24 14:43:24 +0000 2025,0,@AlmaghribiS Tapi saat ini mereka masih marah. Karena terjadi efesiensi dan pemangkasan anggaran utk mereka.,1.90418E+18,,AlmaghribiS,in,"West Borneo, Indonesia",0,1,0,https://x.com/IrawanRommi/status/1904182266529513783,1.34899E+18,IrawanRommi
1.90381E+18,Mon Mar 24 09:13:27 +0000 2025,0,@NenkMonica Kapan gedung dpr ri sudah tak guna bukan rapat aja di hotel Mewah lebih enak..... alasan EFESIENSI ANGGARAN!!!!,1.9041E+18,,NenkMonica,in,,0,0,0,https://x.com/KokoSanpoetra/status/1904099231767363729,1.90349E+18,KokoSanpoetra
1.90152E+18,Mon Mar 17 08:54:17 +0000 2025,1104,@negativisme rakyat bisa membaca berhak untuk diberitahu dan diperlihatkan draft nya lalu kenapa rapat diadakan tidak di tempat yang semestinya (atau mungkin tempat yang terlalu mewah) dan malah menambah anggaran diambang banyaknya PHK dan efesiensi?,1.90156E+18,,negativisme,in,saturn,0,2,108,https://x.com/tatapmatasayaa/status/1901557690347770332,1.5674E+18,tatapmatasayaa
1.90148E+18,Mon Mar 17 07:33:15 +0000 2025,0,@alisyarief Betul sekali...memang ada kesan tertutup &amp; tak sesuai dgn semangat efesiensi anggaran yg sedang di gencarkan oleh presiden Prabowo Subianto . Mudah mudahan yg beginian tak berulang lagi . Para wakil rakyat harus peka terhadap aspirasi rakyatnya .,1.90154E+18,,alisyarief,in,Bandar lampung,0,1,0,https://x.com/68Supriyono/status/1901537299172848012,2368881722,68Supriyono
1.90089E+18,Mon Mar 17 06:12:30 +0000 2025,0,@Ary_PrasKe2 @2TRafiS1 @Anak__Ogi @AntoniusCDN @ArjayaDirja @Marbot_Udien @King_PWS_ @HumorJonTampan @GunRomli @GM_Warrios @Cintada16 Efesiensi Anggaran jadi rapat di hotel,1.90152E+18,,Ary_PrasKe2,in,,0,0,0,https://x.com/iman_syafri/status/1901516979120562383,1.59537E+18,iman_syafri
1.9015E+18,Mon Mar 17 05:05:34 +0000 2025,1,@kimmyexp aman yg 50 lumayan buat efesiensi anggaran hampers‚Äç‚ÜïÔ∏è https://t.co/Gov0qrVrFC,1.9015E+18,https://pbs.twimg.com/media/GmN8Sp6aYAAYFRR.jpg,kimmyexp,in,"Bekasi, Jawa Barat",0,1,0,https://x.com/poweranjirr/status/1901500133185073337,1.74536E+18,poweranjirr
1.90146E+18,Mon Mar 17 02:18:36 +0000 2025,3,Jika para Anggota dewan sdh jenuh rapat di gedung DPR/MPR Sebaiknya jgn rapat dihotel yg harus ngeluarin biaya mahal disaat efesiensi Anggaran Bagusnya Lqngsung Pindah di IKN saja.. biar gak mangkrak,1.90146E+18,,,in, Indonesia,0,0,0,https://x.com/MisdiPriansyah4/status/1901458114576322783,9.33697E+17,MisdiPriansyah4
1.90141E+18,Sun Mar 16 23:05:58 +0000 2025,0,Efesiensi anggaran tapi Rapat DPR dihotel dikawal tentara dgn kendaraan taktis. Alasannya lakukan maraton rapat agar bisa istirahat. Padahal selama ini di ruang sidang kan bisa istirahat? https://t.co/OGlt2ULA71,1.90141E+18,https://pbs.twimg.com/ext_tw_video_thumb/1901409620222230528/pu/img/mKZBMy9EBrgfXHxS.jpg,,in,Denpasar - Jakarta,0,0,0,https://x.com/MartaArdy/status/1901409636713947264,1.29014E+18,MartaArdy
1.90139E+18,Sun Mar 16 22:03:34 +0000 2025,0,Kenapa harus di hotel ? Kan ada gedung DPR RI . Katanya mo efesiensi anggaran .,1.90139E+18,,,in,Indonesia ,0,0,0,https://x.com/IrsulCh/status/1901393933672100145,1.76131E+18,IrsulCh
1.90139E+18,Sun Mar 16 22:02:50 +0000 2025,0,rapat di hotel mewah di tengah efesiensi anggaran #TolakRUUTNI,1.90139E+18,,,in,,0,0,0,https://x.com/urbestparthere/status/1901393746899648618,1.65608E+18,urbestparthere
1.90121E+18,Sun Mar 16 21:28:37 +0000 2025,1,@barengwarga Katanya efesiensi kontol! Rapat malah di hotel punya ruang DPR punya ruang rapat resmi knp ga disitu? Knp harus sembunyi¬≤ di hotel? Buang¬≤ anggaran ga jelas juga ngent*t. Slama ini gue ga komen soal botak ini tpi kli ini wajib di tegur sih!,1.90139E+18,,barengwarga,in,,0,0,0,https://x.com/bani_nusa/status/1901385138665410821,1.55297E+18,bani_nusa
1.90127E+18,Sun Mar 16 21:23:49 +0000 2025,0,@Franken_blues @prabowo kepriben donge kupinge pada ora krungu apah efesiensi anggaran..eeh malah neng hotel wanyad pada,1.90138E+18,,Franken_blues,in,Nowhwere,0,0,0,https://x.com/Odoubelenye/status/1901383927862100318,220276575,Odoubelenye
1.90121E+18,Sun Mar 16 21:05:20 +0000 2025,0,@ARSIPAJA Rapat kok diem diem mana dihotel lagi katanya efesiensi anggaran tai emang pemerintah #TolakRUUTNI,1.90138E+18,,ARSIPAJA,in,,0,0,0,https://x.com/gargamels_/status/1901379277674910185,1.86773E+18,gargamels_
1.9012E+18,Sun Mar 16 19:56:21 +0000 2025,0,@Piyusaja2 Kejam. Sama sekali tidak ada empati kepada rakyat. Tidak perduli dengan keadaan Negeri yang lagi kembang-kempis sampai perlu efesiensi anggaran.,1.90136E+18,,Piyusaja2,in,"Kota Surabaya, Jawa Timur",0,0,0,https://x.com/rangkutifuat/status/1901361919078064336,1.60377E+18,rangkutifuat
1.90133E+18,Sun Mar 16 17:51:38 +0000 2025,0,Ketua Umum Dugaan Tidak Mendukung Program Presiden RI terkait Efesiensi Anggaran KPK Sita Uang dan Dokumen. . . . . . #gardaprabowo #gardaprabowosumse,1.90133E+18,,gardaprabo96140,in,Palembang ,0,0,0,https://x.com/gardaprabo96140/status/1901330531264135335,1.86495E+18,gardaprabo96140
1.90107E+18,Sun Mar 16 17:42:48 +0000 2025,9,@itsquaileggs Kritikan gw buat pemerintah saat ini? Dwi fungsi ABRI (walaupun PDIP yang merupakan oposisi ikut terlibat) efesiensi anggaran yang kurang sasaran (bahkan gw aja minta dana buat bikin tulisan internasional aja kemungkinan gagal) Indonesia masuk BRICS ngapain dll,1.90133E+18,,PendosaKecil25,in,,0,0,0,https://x.com/PendosaKecil25/status/1901328307020579103,9.8839E+17,PendosaKecil25
1.90095E+18,Sun Mar 16 16:59:03 +0000 2025,0,@redzone6128 @viceversa4you @zarryhendrik Sebutin dong efesiensi yg merugikan anggaran yg terkait,1.90132E+18,,redzone6128,in,,0,2,0,https://x.com/asrliiiii/status/1901317298235040168,1.72074E+18,asrliiiii
1.90093E+18,Sun Mar 16 14:04:19 +0000 2025,0,@alisyarief Efesiensi anggaran kok rapatnya malah di hotel,1.90127E+18,,alisyarief,in,,0,0,0,https://x.com/Linkar_muda/status/1901273326779257080,226466619,Linkar_muda
1.90127E+18,Sun Mar 16 13:59:28 +0000 2025,0,@prabowo mencanangkan efesiensi anggaran tapi rapat di hotel mewah. ndasmu ,1.90127E+18,,prabowo,in,,0,0,0,https://x.com/DidiSupard90648/status/1901272106681426385,1.87567E+18,DidiSupard90648
1.90121E+18,Sun Mar 16 13:40:13 +0000 2025,0,@barengwarga @corbuzier maaf om mau tnya knp rpatnya dilakukan di hotel apakah negara ga punya fasiitas untuk menggelar sbuah rapat seperti itu? bukankah pak @prabowo sedang intens menyerukan efesiensi anggaran? seurgensi apa sampai dilakukan disebuah hotel yg tentu mengeluarkan biaya lebih,1.90127E+18,,barengwarga,in,,0,0,0,https://x.com/NegriBadut/status/1901267260431630411,154157910,NegriBadut
1.90105E+18,Sun Mar 16 12:07:38 +0000 2025,26,@abu_waras Mungkin ini salah satu contoh efesiensi anggaran. Satu foto untuk semua untuk ijazah dan foto nikah.,1.90124E+18,,abu_waras,in,,0,0,0,https://x.com/DMieaceh80579/status/1901243960259215433,1.81351E+18,DMieaceh80579
1.90093E+18,Sat Mar 15 20:20:07 +0000 2025,3,@EdsNababan yg norak itu lo di tengah seruan Presiden soal efesiensi anggaran mereka yg terhormat malah mengadakan rapat di hotel,1.90101E+18,,EdsNababan,in,,0,0,0,https://x.com/demokrasi_ruwet/status/1901005512017408345,1.84177E+18,demokrasi_ruwet
1.90095E+18,Sat Mar 15 19:50:34 +0000 2025,0,@realfedinuril Bukan nya ada efisiensi anggaran ya? Rapat rapat Sepertinya tidak mencerminkan tentang efesiensi,1.901E+18,,realfedinuril,in,,0,0,0,https://x.com/OSumantry31744/status/1900998074493006075,1.8019E+18,OSumantry31744
1.90098E+18,Sat Mar 15 18:59:38 +0000 2025,1,@blank0429 Ono gedung DPR kenapa harus di hotel mewah? Katanya mau melakukan efesiensi anggaran piye dab?! https://t.co/YXH6h5wlym,1.90099E+18,https://pbs.twimg.com/ext_tw_video_thumb/1900985211883802624/pu/img/-epDuW2mP-1Yo3Eb.jpg,blank0429,in,,0,1,0,https://x.com/PakBebek1/status/1900985258029518854,1.52705E+18,PakBebek1
1.90074E+18,Sat Mar 15 18:55:49 +0000 2025,10,@mohmahfudmd Pak apa tanggapan Bapak ttg revisi UU TNI disaat rakyat menjerit PHK dimana mana korupsi terbesar belum lagi penundaan CASN 2024. Katanya efesiensi Anggaran ehh wakil rakyat lagi asyik rapat dihotel mewah.,1.90098E+18,,mohmahfudmd,in,Indonesia,0,0,2,https://x.com/embk321/status/1900984294493045244,1.72082E+18,embk321
1.90097E+18,Sat Mar 15 18:00:53 +0000 2025,0,Disaat efesiensi anggaran anggota dewan sibuk rapat dihotel sedangkan rakyat banyak yg mengeluh di PHK ditambah pembatalan pengangkatan CASN 2024 yg mana itu adalah hak mereka dimana hati nuranimu @DPR_RI @prabowo @KemensetnegRI @Gerindra @gibran_tweet,1.90097E+18,,,in,Indonesia,0,0,0,https://x.com/embk321/status/1900970470817886551,1.72082E+18,embk321
1.90095E+18,Sat Mar 15 16:59:05 +0000 2025,0,Anggaran kena efesiensi tapi rapat di hotel TOLOL,1.90095E+18,,,in,,0,0,0,https://x.com/gyusgrip/status/1900954919315927546,1.02175E+18,gyusgrip
1.90066E+18,Sat Mar 15 16:56:22 +0000 2025,0,@BosPurwa @prabowo Efesiensi anggaran tapi DPR dan TNI rapat di hotel mewah Efesiensi ndasmu,1.90095E+18,,BosPurwa,in,,0,0,0,https://x.com/kawitah79/status/1900954234369307063,1.60365E+18,kawitah79
1.90094E+18,Sat Mar 15 16:21:27 +0000 2025,0,@tekarok007 Gimana bangsa ini lebih baik apalagi positif thinking pikirannya bibir saja belum kering ngomong efesiensi anggaran wakil rakyatnya malah rapat di hotel mewah. ,1.90095E+18,,tekarok007,in,Di Bawah Langit Ibukota,0,1,0,https://x.com/Pooohpitu7/status/1900945448636239899,1.36673E+18,Pooohpitu7
1.90092E+18,Sat Mar 15 16:09:16 +0000 2025,0,@barengwarga @KontraS Katanya efesiensi tapi rapatnya di hotel mewah. kalo beneran mau efesiensi anggaran di gacoan juga bisa murah lagi. #IndonesiaGelap #TolakRUUTNI #TolakDwifungsiABRI,1.90094E+18,,barengwarga,in,google chrome browser,0,0,0,https://x.com/pnjsptr_/status/1900942380653818269,205763811,pnjsptr_
1.90091E+18,Sat Mar 15 16:09:10 +0000 2025,0,@pangeransiahaan EFESIENSI anggaran,1.90094E+18,,pangeransiahaan,in,Republik Rakyat Reggae,0,0,0,https://x.com/Aksaplj/status/1900942356918284716,45775784,Aksaplj
1.90088E+18,Sat Mar 15 15:57:51 +0000 2025,0,@MurtadhaOne1 Efesiensi anggaran NDASMU https://t.co/yOiaIdwlRU,1.90094E+18,https://pbs.twimg.com/media/GmF-aIsaMAAg9n8.jpg,MurtadhaOne1,in,,0,0,0,https://x.com/DendraKen/status/1900939508109242845,1.54578E+18,DendraKen
1.90089E+18,Sat Mar 15 15:52:56 +0000 2025,0,@satriohendri Strategi efesiensi anggaran.,1.90094E+18,,satriohendri,in,Aceh indonesia,0,0,0,https://x.com/mundhri03180616/status/1900938273637495085,1.22285E+18,mundhri03180616
1.90093E+18,Sat Mar 15 15:25:07 +0000 2025,0,Para Anggota @DPR_RI. Waktu pemilu butuh suara rakyat giliran udah jadi diam-diam bikin UU di dalam ruangan hotel tanpa sepengetahuan rakyat. Efesiensi Anggaran Ndasmu !!!.,1.90093E+18,,,in,DI BUMI ALLAH,0,0,0,https://x.com/ARisnawan82/status/1900931270429077604,3719816714,ARisnawan82
1.90074E+18,Sat Mar 15 15:23:49 +0000 2025,0,@kumparan Efesiensi anggaran NDASMU https://t.co/wLSJ2qK1IF,1.90093E+18,https://pbs.twimg.com/media/GmF2nvNbcAEvMRv.jpg,kumparan,in,,0,0,0,https://x.com/DendraKen/status/1900930945903140966,1.54578E+18,DendraKen
1.90092E+18,Sat Mar 15 14:56:54 +0000 2025,1,Gimana rakyat mau percaya sama pemerintah yg katanya efesiensi anggaran eh malah rapat dihotel bintang 5. Lalu rapat digelar tertutup agar rakyat tidak bisa memantau apa yg akan diputuskan. #tolakruutni,1.90092E+18,,,in,,0,0,0,https://x.com/GIVG_SP/status/1900924172194509206,1.25786E+18,GIVG_SP
1.8933E+18,Sat Mar 15 14:43:27 +0000 2025,1,@Gyuvun DEGG pembahasannya kayaknya berat sekali ini dd? Udah bahas efesiensi anggaran aja! Boleh ya sini kakak bagi deh ini aja kakak udah mulai balas mention lagi. :3 setelah hampir seminggu cuma ngumpet di DM! Udah dapat jawaban dari grok belum dd?,1.90092E+18,,Gyuvun,in,Britons. ,0,0,0,https://x.com/Suizjy/status/1900920786153808184,707097319,Suizjy
1.90092E+18,Sat Mar 15 14:41:24 +0000 2025,0,Efesiensi anggaran 'ndasmu' rapat saja di hotel.,1.90092E+18,,,in,Di Bawah Langit Ibukota,0,0,0,https://x.com/Pooohpitu7/status/1900920270346740092,1.36673E+18,Pooohpitu7
1.9009E+18,Sat Mar 15 14:24:22 +0000 2025,1,@__AnakKolong PEJABAT MENTAL PENCURI .. Rapat diam diam di hotel mewah habiskan anggaran ..rakyat disuruh prihatin efesiensi .. ... GAK INGIN NIAT BUSUKNYA DI KETAHUI PUBLIK .. https://t.co/9IbC94OgJY https://t.co/RRhGsMXjF7,1.90092E+18,https://pbs.twimg.com/media/GmFpAhObcAUDGF0.jpg,__AnakKolong,in,,0,0,0,https://x.com/cuukdaniels/status/1900915981872230909,1.88016E+18,cuukdaniels
1.90088E+18,Sat Mar 15 14:04:02 +0000 2025,59,@MurtadhaOne1 Gimana ini pak @prabowo sampeyan sampai memotong anggaran pendidikan katanya demi efesiensi ini para anggota dHewan malah rapat di Hotel super mewah....Efesiensi Endasmu,1.90091E+18,,MurtadhaOne1,in,,0,1,10,https://x.com/abdulmukti691/status/1900910866184167462,1.60377E+18,abdulmukti691
1.90078E+18,Sat Mar 15 12:30:57 +0000 2025,0,@kompascom Efesiensi anggaran itu nyata atau cuma wacana . Kalau nyata harusnya rapat dilakukan di gedung Senayan bukan di hotel .,1.90089E+18,,kompascom,in,Bandar lampung,0,0,0,https://x.com/68Supriyono/status/1900887443597127778,2368881722,68Supriyono
1.90074E+18,Sat Mar 15 12:29:09 +0000 2025,0,@kumparan Inikah yg dinamakan efesiensi anggaran ... rapat dilakukan di hotel . Efesiennya dimana ? .,1.90089E+18,,kumparan,in,Bandar lampung,0,0,0,https://x.com/68Supriyono/status/1900886986828718082,2368881722,68Supriyono
1.90086E+18,Sat Mar 15 12:05:27 +0000 2025,1,@__PASMANTAP Anggaran efesiensi,1.90088E+18,,__PASMANTAP,in,,0,0,0,https://x.com/DMieaceh80579/status/1900881023258521852,1.81351E+18,DMieaceh80579
1.9008E+18,Sat Mar 15 11:52:50 +0000 2025,1,@CNNIndonesia luar biasa masih sempat-sempatnya g lar rapat di hotel di tengah seruan Presiden soal efesiensi anggaran,1.90088E+18,,CNNIndonesia,in,,0,0,0,https://x.com/demokrasi_ruwet/status/1900877850238218320,1.84177E+18,demokrasi_ruwet
1.90075E+18,Sat Mar 15 05:58:53 +0000 2025,138,@inilahdotcom Katanya efesiensi anggaran..koq rombongan. https://t.co/xz4aVzRppv,1.90079E+18,https://pbs.twimg.com/media/GmD1UZuaYAAyTFo.jpg,inilahdotcom,in,,1,0,15,https://x.com/ArjayaDirja/status/1900788776596893830,1.68592E+18,ArjayaDirja
1.90077E+18,Sat Mar 15 05:01:41 +0000 2025,0,Katanya Efesiensi Anggaran ,1.90077E+18,,,in,,0,0,0,https://x.com/FadliRoute83920/status/1900774378977325550,1.8373E+18,FadliRoute83920
1.90074E+18,Sat Mar 15 02:58:00 +0000 2025,25,Ada 2 Hal yg Lucu disini 1.) UU Yg dikebut pdhl banyak UU yg lbh mendesak utk disahkan 2.) Selalu Bicara Efesiensi Anggaran tp Rapatnya dihotel Mewah emang klw di Gedung biasa saja. UU gak bisa disahkan gtu..?? https://t.co/n6P3sIYVzT,1.90074E+18,https://pbs.twimg.com/media/GmDL6f-bcAIs9nE.jpg,,in,"√úT: -6.1389099,106.7214539",2,5,16,https://x.com/AirinDatangLagi/status/1900743254754423240,228628424,AirinDatangLagi
1.90071E+18,Sat Mar 15 00:57:19 +0000 2025,5,Saat nya 30 jt-an petani hidup sejahtera Penghematan efesiensi anggaran perjalanan dinas diberikan utk bantu petani Ayo bertani generasi muda Indonesia Hidup bebas tanpa atasan Ikuti program transmigrasi utk dapatkan tanah luas 2 Ha jika tdk memiliki tanah garapan https://t.co/CtXewx7Gzr,1.90071E+18,https://pbs.twimg.com/media/GmCwSiJagAAMjmu.jpg,,in,"Kalimantan Barat, Indonesia",0,1,1,https://x.com/IrawanRommi/status/1900712881072861322,1.34899E+18,IrawanRommi
1.90063E+18,Fri Mar 14 19:27:29 +0000 2025,0,Ribet banget dh berapa lagi biaya yg harus di keluarkan buat hal beginian. Tinggal tegasin aja undang-undang dan hukuman perihal koruptor. Eksekusi semua undang2 yg ada biar pada nyahok tu koruptor. Katanya mau efesiensi anggaran ini yg ada nambah bengkak tu anggaran.,1.90063E+18,,,in,,0,1,0,https://x.com/sunmoon9711/status/1900629876165783737,1.63931E+18,sunmoon9711
1.90057E+18,Fri Mar 14 15:30:43 +0000 2025,0,Efesiensi anggaran ganggu bgt anjerrr,1.90057E+18,,,in,she/her,0,0,0,https://x.com/meongphysics/status/1900570294190068079,1.32732E+18,meongphysics
1.90054E+18,Fri Mar 14 13:19:40 +0000 2025,0,Kadang lucu semua narasi dan mimpi2 beliau ini kontradiktif syekaliii. Ramai kebijakan efesiensi anggaran ini malah punya rencana bangun penjara. uang darimane Wak?,1.90054E+18,,,in,,0,0,0,https://x.com/Beryman_J/status/1900537312242795000,1.73787E+18,Beryman_J
1.90053E+18,Fri Mar 14 12:43:18 +0000 2025,1,waah KACAU banget sih ini Prabowo!! Pusat Prestasi Nasional Kemendikdasmen juga kena EFESIENSI ANGGARAN ala Prabowo!! kayanya emang dia cuma mau kasi anak sekolah makan buat perut belaka tapi gak peduli dgn pembangunan kualitas SDM bangsa kedepan.,1.90053E+18,,,in,among beautiful sea,0,0,0,https://x.com/cldio8taa/status/1900528159898083494,1.82148E+18,cldio8taa
1.90048E+18,Fri Mar 14 11:57:53 +0000 2025,7,@mohmahfudmd Perampasan aset saja yg sudah puluhan tahun disuarakan rakyat tak pernah digubris..eh ini malah ngada2..mau ngeluarin anggaran baru buat bikin penjara baru . katanya mau efesiensi...ah omon2 aja inimah,1.90052E+18,,mohmahfudmd,in,,0,0,0,https://x.com/HabliPer70015/status/1900516732290449512,1.71459E+18,HabliPer70015
1.90048E+18,Fri Mar 14 11:56:09 +0000 2025,1,@elsaday__ Kalau menjarakan koruptor tidak memberi manfaat bagi negara buat apa bangun penjara walau di pulau terpencil sekalipun. Efesiensi anggaran kan? https://t.co/LMndHrqobm,1.90052E+18,https://pbs.twimg.com/media/Gl_9f8ubcAAEhht.jpg,elsaday__,in,,0,1,1,https://x.com/Bersinar2023/status/1900516296053415987,1.72594E+18,Bersinar2023
1.90047E+18,Fri Mar 14 10:36:22 +0000 2025,0,@tanyakanrl Nikah di KUA karena sisa uangnya bisa dipakai untuk keperluan lain. Aku suka yang efesien sih kecuali efesiensi anggaran era pragib,1.9005E+18,,tanyakanrl,in,,0,0,0,https://x.com/ambulaninuninu/status/1900496219174219885,1.31713E+18,ambulaninuninu
1.90047E+18,Fri Mar 14 08:43:36 +0000 2025,0,gue makin bingung sama tahun ini tahun lalu yang penting terdata di dtks biaya pendaftaran utbk gratis tahun ini harus terdata dtks desil 1-3 kip aktif 2024 baru gratis katanya ga kena efesiensi anggaran,1.90047E+18,,,in,mochi,0,1,1,https://x.com/noeybakul/status/1900467840999927855,1.80367E+18,noeybakul
1.90011E+18,Fri Mar 14 06:15:11 +0000 2025,0,@tempodotco Pak @prabowo @Gerindra @DPR_RI @FPKSDPRRI apakah ini yang disebut efesiensi anggaran? Anggota TNI aktif boleh juga menjabat di kementerian? Semakin ngaco saja sekarang ini !!!,1.90043E+18,,tempodotco,in,"Kota Surabaya, Jawa Timur",0,0,0,https://x.com/rangkutifuat/status/1900430489392922843,1.60377E+18,rangkutifuat
1.90043E+18,Fri Mar 14 06:12:34 +0000 2025,0,Efesiensi Anggaran Tak Berdampak Pada Bidang Pendidikan https://t.co/mIlZ4DsMt9,1.90043E+18,,,in,,0,0,0,https://x.com/ud24185000/status/1900429829398552707,1.6619E+18,ud24185000
1.90039E+18,Fri Mar 14 03:46:07 +0000 2025,0,Efesiensi Anggaran Tak Berdampak Pada Bidang Pendidikan https://t.co/EQQwOUBmAU,1.90039E+18,https://pbs.twimg.com/media/Gl-NUuOaoAAhCdq.png,,in,,0,0,0,https://x.com/ArifSubagiyo2/status/1900392973936058676,1.38579E+18,ArifSubagiyo2
1.90038E+18,Fri Mar 14 02:50:49 +0000 2025,0,Efesiensi Anggaran Tak Berdampak Pada Bidang Pendidikan https://t.co/RnBJpgl9g4,1.90038E+18,https://pbs.twimg.com/media/Gl9-yanaEAAjm7c.jpg,,in,"Bali, Indonesia",0,0,0,https://x.com/JhingO1/status/1900379056375554439,2354223986,JhingO1
1.90037E+18,Fri Mar 14 02:02:37 +0000 2025,1,Padahal anggaran sangat efesiensi mulai kabinet yang minimalis stafsus pengunduran casn... Penyitaan aset koruptor... pajak semua lini penghematan BBM pertamak+pertalit n migor 1L-750Ml.... Emas nikel berton2..,1.90037E+18,,,in,,0,0,0,https://x.com/konohamaruu1/status/1900366928230965329,1.60509E+18,konohamaruu1
1.90019E+18,Thu Mar 13 23:42:00 +0000 2025,1,@Franken_blues Popularitas Anies Baswedan sekarang tergerus oleh pendatang baru yaitu KDM dari tanah Siliwangi..!! Pemimpin Jabar ahli efesiensi anggaran dan tepat sasaran. !! Tidak seperti Anies Baswedan anggaran beli Aibon aja habis puluhan miliar ,1.90033E+18,,Franken_blues,in,,0,0,0,https://x.com/ArmaZulfikar/status/1900331542687474117,1.39525E+18,ArmaZulfikar
1.9002E+18,Thu Mar 13 21:57:10 +0000 2025,0,@WagimanDeep212_ @prabowo Lebih baik siapkan peluru pak atau pedang yang tajam biayanya lebih murah dari pada bikin penjara kan sekarang Indonesia lagi efesiensi anggaran,1.90031E+18,,WagimanDeep212_,in,,0,0,0,https://x.com/Rd79Ardhy98/status/1900305160829886597,1.8874E+18,Rd79Ardhy98
1.89996E+18,Thu Mar 13 21:54:53 +0000 2025,0,@zainalamochtar Efesiensi hanya anggaran yg berdampak kerakyat klo untuk pejabat cuman omon omon. ‚ÄçÔ∏è,1.9003E+18,,zainalamochtar,in,,0,0,0,https://x.com/syamarfah82/status/1900304583525810585,8.87265E+17,syamarfah82
1.89996E+18,Thu Mar 13 21:04:45 +0000 2025,0,@zainalamochtar Efesiensi anggaran cuma omong kosong belaka,1.90029E+18,,zainalamochtar,in,,0,0,0,https://x.com/demokrasi_ruwet/status/1900291965809566199,1.84177E+18,demokrasi_ruwet
1.90021E+18,Thu Mar 13 15:40:59 +0000 2025,0,Pak presiden katanya efesiensi. Terbitkan perpres hukuman mati pak. Ngak habisin anggaran. Dan negara untung kalau para koruptor dihukum mati ngurangin jatah pangan. Dan jgn pakai lama seminggu putusan hakim di dornatau dipancung. Sangat efesien pak https://t.co/eX7xEJY3yI,1.90021E+18,https://pbs.twimg.com/media/Gl7nXwabYAExTD7.jpg,,in,,0,0,0,https://x.com/KJengkol69104/status/1900210490229612560,1.89238E+18,KJengkol69104
1.9E+18,Thu Mar 13 14:50:55 +0000 2025,5,@mas_veel @Bolokur65581871 Hadeuh kalau kecil banget gak mungkin APBN defisit bos... Gak mungkin juraganmu melakukan efesiensi anggaran tujuannya apa kalau gak buat byar bunga utang.. Sudahlah jangan bodohi rakyat.,1.9002E+18,,mas_veel,in,,0,0,0,https://x.com/patillele4364/status/1900197890620088685,1.69039E+18,patillele4364
1.90002E+18,Thu Mar 13 13:31:23 +0000 2025,0,@papipai_ab Efesiensi anggaran ini,1.90018E+18,,papipai_ab,in,,0,0,0,https://x.com/sepiberbisik/status/1900177874977767898,364069058,sepiberbisik
1.90012E+18,Thu Mar 13 12:43:40 +0000 2025,1,@susipudjiastuti Jika Koruptor diPenjara Justru Habisin Anggaran saja pak dari pada Anggaran Makan diberikan ke Narapidana Koruptor Lebih baik untuk Rakyat. Koruptor itu WAJIB HUKUM MATI. Langkah Penghematan/Efesiensi Terbaik itu pak @Prabowo ,1.90017E+18,,susipudjiastuti,in,üá≤üá® NKRI üá≤üá® ,0,0,0,https://x.com/BenCahNdeso/status/1900165867754987531,81524827,BenCahNdeso
1.90005E+18,Thu Mar 13 07:35:48 +0000 2025,0,@BigAlphaID masyarakat trus bermasalah trus di kritik gitu teruss alhasil keluar anggaran lagi efesiensi dan efektivitasnya ga tercapai semuanya ngasal! Proyek ambisius: Coretax AI PSN lainnya hasilnya? NIHIL. Coba sebutin deh proyek ambisius mana yg berhasil? NIHIL.,1.90009E+18,,Anotherone92,in,"Medan, Indonesia",0,0,0,https://x.com/Anotherone92/status/1900088390130733547,1732341962,Anotherone92
1.90006E+18,Thu Mar 13 05:23:12 +0000 2025,1,Halo #SobATRBPN Pada hari Selasa 25/02/2025 Kantor Pertanahan Kabupaten Tanah Bumbu melaksanakan Rapat Optimalisasi Anggaran Pasca Blokir Efesiensi Anggaran. https://t.co/qlb18KP5Sd,1.90006E+18,,,in,Kabupaten Tanah Bumbu,0,0,0,https://x.com/kantah_tanbu/status/1900055019912626247,1.41331E+18,kantah_tanbu
1.90004E+18,Thu Mar 13 04:41:05 +0000 2025,0,@goodnaaz efesiensi anggaran ,1.90004E+18,,goodnaaz,in,belum punya rumah,0,1,0,https://x.com/wakbaar/status/1900044420885659954,1368185334,wakbaar
1.90003E+18,Thu Mar 13 03:37:58 +0000 2025,0,Efesiensi anggaran dan dampak positif pada ekonomi masyarakat. - #DanantaraIndonesia https://t.co/Yaj3eDhjAs,1.90003E+18,https://pbs.twimg.com/media/Gl5B39XbkAAc6Z2.jpg,,in,,0,0,0,https://x.com/AAxelle71957/status/1900028534162428032,1.72035E+18,AAxelle71957
1.90003E+18,Thu Mar 13 03:36:17 +0000 2025,0,Efesiensi anggaran dan dampak positif pada ekonomi masyarakat. - #DanantaraIndonesia https://t.co/uDKBHFZSH5,1.90003E+18,https://pbs.twimg.com/media/Gl5BdRqbYAQJxH0.jpg,,in,"Papua Barat, Indonesia",0,0,0,https://x.com/GrizelleJovank4/status/1900028111095554092,1.41344E+18,GrizelleJovank4
1.89995E+18,Wed Mar 12 22:12:46 +0000 2025,6,Berapa investasi untuk bangun PLT-Sampah di Legok Nangka silahkan tanya ke Sumitomo Group Berapa beban biaya tipping fee yg harus ditanggung Pemda? Rp 386 ribu/ton yg harus dibagi dua bebannya antara Pemprov &amp; Pemda Kota/Kab Pakai anggaran mana? Apa lagi yg di efesiensi?,1.89995E+18,,,in,Indonesia Raya,0,1,1,https://x.com/giIangmahesa/status/1899946695208951909,29385415,giIangmahesa
1.8992E+18,Mon Mar 10 20:57:46 +0000 2025,1,x error terus nih kenapa? imbas dari efesiensi anggaran kah?,1.8992E+18,,,in,24 Hours ,0,0,0,https://x.com/dyiesum/status/1899203045726343242,1.88224E+18,dyiesum
1.89916E+18,Mon Mar 10 19:20:44 +0000 2025,14,@suiittee @Aixcrsh Bro kemenimipas beda ya sama kemenhan dan ya kemenimipas tetap kena efesiensi anggaran https://t.co/P4CarvOcCF,1.89918E+18,https://pbs.twimg.com/media/Gls85U2bkAA4fmE.jpg,suiittee,in,,0,2,0,https://x.com/cumiguling/status/1899178625590858196,9.44588E+17,cumiguling
1.89877E+18,Mon Mar 10 14:40:44 +0000 2025,0,@geloraco Iya ngerti mbah la sampai kpn tertunda nya?? Jgn jgn krn duit nya kena efesiensi mungkin... Minus anggaran APBN nya,1.89911E+18,,MGhani39013315,in,"Kudus, Jateng, indonesia",0,0,0,https://x.com/MGhani39013315/status/1899108163020087753,1.65157E+18,MGhani39013315
1.8991E+18,Mon Mar 10 14:07:13 +0000 2025,0,Efesiensi anggaran ngentot.,1.8991E+18,,,in,"Yogyakarta, Indonesia",0,1,0,https://x.com/aditmlna/status/1899099729989919216,8.74338E+17,aditmlna
1.89905E+18,Mon Mar 10 12:59:26 +0000 2025,0,@iioveeyoon @ime_indonesia mustahil soalnya efesiensi anggaran ,1.89908E+18,,iioveeyoon,in,was @/ BONED0OR,0,0,0,https://x.com/sunghotspot/status/1899082671743180989,1.39359E+18,sunghotspot
1.89901E+18,Mon Mar 10 09:21:02 +0000 2025,0,@tempodotco Bentuk buang badan dari pemerintahan ini ... Mengirit pengeluaran ke masyarakat atas nama efesiensi.. .. Tetapi menggunakan anggaran yg berlebihan utk sesuatu yg tidak penting ..,1.89903E+18,,tempodotco,in,,0,0,0,https://x.com/cuukdaniels/status/1899027708711260433,1.88016E+18,cuukdaniels
1.89899E+18,Mon Mar 10 08:45:57 +0000 2025,148,@Septa_767 Ini yg miris pencurian alat BMKG Gowa + efesiensi anggaran yg mungkin salah satu faktor dia ini hiatus panjang,1.89902E+18,,Septa_767,in,My lovely Bedroom,0,0,0,https://x.com/AriaNurazky/status/1899018881123090835,1.25982E+18,AriaNurazky
1.899E+18,Mon Mar 10 07:26:10 +0000 2025,0,Efisiensi Anggaran Solusi atau Frustasi? Oleh: Nidaul Mu'tamaroh SPd.I (Aktivis Muslimah Brebes) Salah satu contoh yang terkena dampak langsung dari efesiensi anggaran adalah di Kabupaten Brebes. Banyak proyek pembangunan terancam gagal seperti perbaikan jalan di berbagai https://t.co/zBZm6ZZaik,1.899E+18,https://pbs.twimg.com/media/GlqZWCBa0AAzriP.jpg,,in,,0,0,0,https://x.com/RevolterIsBack/status/1898998799395357180,1.70407E+18,RevolterIsBack
1.89899E+18,Mon Mar 10 06:38:40 +0000 2025,2736,&gt; Hiatus &gt; Lisensi software editing admin mau expired &gt; Pencurian alat di Gowa &gt; Efesiensi anggaran Nggateli cok https://t.co/itkGqutK0S,1.89899E+18,https://pbs.twimg.com/media/GlqN0woagAAtqIo.jpg,,in,My lovely Bedroom,23,22,401,https://x.com/AriaNurazky/status/1898986848703451556,1.25982E+18,AriaNurazky
1.89884E+18,Mon Mar 10 02:15:09 +0000 2025,0,@CakKhum Efesiensi tidak hanya berlaku pada anggaran saja tapi untuk hajat hidup orang banyak kena efesiensi juga alais mengurangi takaran seperti LPG 3kg &amp; sekarang Minyak Goreng. Patut diduga terjadi juga pada produk2 subsidi lainnya. Cc. @kemenkop,1.89892E+18,,CakKhum,in,,0,0,0,https://x.com/ichl4/status/1898920531870863512,2573692827,ichl4
1.89855E+18,Sun Mar 09 17:27:07 +0000 2025,2,@ARSIPAJA Pihak Asing yg memecah belah itu ketika kebijakan pemerintah tidak berpihak kpda rakyat hanya gara2 investasi dan efesiensi anggaran yg berdampak kpd hak masyarakat. Termasuk para oknum pejabat haus akan jabatan dan kekayaan berlimpah-KKN,1.89879E+18,,ARSIPAJA,in,Indonesia,0,0,0,https://x.com/embk321/status/1898787647591682056,1.72082E+18,embk321
1.89875E+18,Sun Mar 09 14:42:34 +0000 2025,3,Pemerintah terlalu banyak retorika.Membodohi rakyatnya sendiri.Kenapa tidak berterus terang saja jika efesiensi anggaran itu berimbas ke kami yg SDH di titik terkahir dr segala macam syarat2 yg kalian butuhkan utk berjuang menjadi P3k. Sesulit inikah!! #TOLAKKEBIJAKANTMTSERENTAK,1.89875E+18,,,in,indonesia,0,0,0,https://x.com/ardie_assasaqi/status/1898746237211558250,233237380,ardie_assasaqi
1.89863E+18,Sun Mar 09 07:07:07 +0000 2025,0,Tuh mari dilihat dengan di efesiensi anggaran akan berdampak positif buat kita semua #efesiesnsianggaran #prabowo https://t.co/hDAR9W5VlK,1.89863E+18,https://pbs.twimg.com/media/GllLMMzaAAEt2QM.jpg,,in,,0,0,0,https://x.com/hamdi15839367/status/1898631617012449374,1.49531E+18,hamdi15839367
1.89787E+18,Sun Mar 09 00:10:00 +0000 2025,0,@Strategi_Bisnis Yang jadi staff PNS kalian pasti akui ini bener adanya kan?? wkwkw. Apalagi pengaruh office environment yang bikin skill makin tumpul seiring waktu. Sebenernya tergantung divisi sih apalagi semenjak efesiensi anggaran,1.89853E+18,,Strategi_Bisnis,in,Jakarta Capital Region,0,0,0,https://x.com/Rizkybravery/status/1898526647630143553,1.25254E+18,Rizkybravery
1.89798E+18,Sun Mar 09 00:01:38 +0000 2025,2,@FOODFESS2 Beber banget aku sendiri juga dagang kerasa banget menurut analisa ku 1. Banyak yang kena phk akibat efesiensi anggaran 2. Pekerja yang di phk mungkin banyak yg bantir setir buat berniaga Ga cuman orang kena phk bahkan ibu-ibu atau remaja pada ikut juga,1.89852E+18,,FOODFESS2,in,,0,1,0,https://x.com/blu_bu_g/status/1898524543322570859,1.73129E+18,blu_bu_g
1.89825E+18,Sat Mar 08 22:02:33 +0000 2025,2,@bachrum_achmadi @RajaJuliAntoni @prabowo @Uki23 Mirip anak dak tau diuntung partai PSI ini lolos senayan jg kagak partai gurem krn kedekatan dgn mulyono saja diangkat jdi salah satu menteri prabowo.Eehh malah aji mumpung 11 kader disusup kan dgn gaji 50 jt/bulan.Wualah ini bukaN efesiensi anggaran tetapi boros tapi kerja Nol,1.89849E+18,,bachrum_achmadi,in,"Kudus, Jateng, indonesia",0,0,0,https://x.com/MGhani39013315/status/1898494574399791156,1.65157E+18,MGhani39013315
1.8984E+18,Sat Mar 08 21:32:18 +0000 2025,4,@gg_02022020 @prabowo Kalo udah ngga suka apalg kebencian yg mendalam akibat kekalahan yg sgt telak. Apapun yg dilakukan Presiden psti akan dinilai jelek dicari2 alibi alasan yg tdk penting ini itu ini itu. Org efesiensi anggaran yg tdk penting koq diblg tdk usah Org yg aneh lucu jdnya ,1.89849E+18,,gg_02022020,in,"Gujarat, India",1,4,1,https://x.com/gajahmadabiru/status/1898486962526507293,981840438,gajahmadabiru
1.8984E+18,Sat Mar 08 21:18:43 +0000 2025,0,@prabowo Pak Komandan @prabowo apakah BNPB mengalami efesiensi anggaran juga? Saya yakin iya. Buktinya telat mengantisipasi. Dengan teknologi modern cuaca bisa dimodifikasi. Indonesia banyak potensi bencana. Jika alami bencana kerugian ekonomi sangat luar biasa.,1.89848E+18,,prabowo,in,,0,0,0,https://x.com/bgyngrh/status/1898483544365895786,95820844,bgyngrh
1.89839E+18,Sat Mar 08 17:59:58 +0000 2025,0,@ferrykoto @DPR_RI @Gerindra @azissubekti @kempanrb @bang_dasco Itu bisa saja dampak dari efesiensi sehingga blm ada anggaran utk menggaji CPNS dan PPPK yang baru.,1.89843E+18,,ferrykoto,in,Indonesia,0,1,0,https://x.com/3rwin__34/status/1898433527752057022,1.38541E+18,3rwin__34
1.89842E+18,Sat Mar 08 17:13:58 +0000 2025,1,@Kimberley_PS08 Benar. Efesiensi pemangkasan anggaran bukan 100% di tiadakan. ATK perjalanan dinas proyek infrastruktur tetap ada.,1.89842E+18,,Kimberley_PS08,in,"West Borneo, Indonesia",0,1,0,https://x.com/IrawanRommi/status/1898421950260895920,1.34899E+18,IrawanRommi
1.89839E+18,Sat Mar 08 15:34:14 +0000 2025,0,@gheany galaw skrng ga ada peringatan soalnya efesiensi anggaran,1.8984E+18,,gheany,in,,0,1,0,https://x.com/my_gyuniverse/status/1898396851214397488,1.80612E+18,my_gyuniverse
1.89838E+18,Sat Mar 08 14:36:31 +0000 2025,0,Katanya efesiensi anggaran??? Koq nambah pejabatnya?,1.89838E+18,,,in,,0,1,0,https://x.com/ambranor/status/1898382326054437003,1.809E+18,ambranor
1.89828E+18,Sat Mar 08 14:23:56 +0000 2025,0,@worksfess Akibat efesiensi anggaran,1.89838E+18,,worksfess,in,"Osaka-shi Konohana-ku, Osaka",0,0,0,https://x.com/orangbahagiasel/status/1898379158662828488,245671359,orangbahagiasel
1.89827E+18,Sat Mar 08 11:20:10 +0000 2025,0,@tvOneNews Bagaimana Rakyat mau tenang efesiensi anggaran yang membuat ekonomi rakyat Susah pak. Bpk tidak berfikir gimn susahnya rakyat dengan kebijakan bpk.,1.89833E+18,,tvOneNews,in,,0,0,0,https://x.com/29bung1/status/1898332912296268015,1.34668E+18,29bung1
1.89833E+18,Sat Mar 08 11:17:38 +0000 2025,1,oh ini alesan dia melakukan efesiensi anggaran pendidikan WKWKWK.,1.89833E+18,,,in,,0,1,0,https://x.com/_Etuss/status/1898332276737573079,1.13523E+18,_Etuss
1.8983E+18,Sat Mar 08 09:07:29 +0000 2025,0,Penundaan Pengangkatan CPNS dan PPPK 2024 Istana: Bukan karena Efesiensi Anggaran https://t.co/x76M7ChJqt https://t.co/RSDkkR58cN,1.8983E+18,https://pbs.twimg.com/media/GlgdWX-asAA_R1Q.jpg,,in,,0,0,0,https://x.com/insanjalil65/status/1898299520787882011,1.63927E+18,insanjalil65
1.89795E+18,Sat Mar 08 07:31:44 +0000 2025,0,@narasitv Terus kalau ngak ada efek efesiensi anggaran nya di kemanain?? Nyumbang ke Danantara atau MBG? Lagika aja,1.89828E+18,,narasitv,in,,0,0,0,https://x.com/edisyah93895820/status/1898275425635451351,1.39557E+18,edisyah93895820
1.89824E+18,Sat Mar 08 06:21:19 +0000 2025,1,@JanissaryD_Last @WWF_ID @WWF Tambah lagi ada Efesiensi sudah tidak ada lagi anggaran pengamanan hutan. TNKS sekarang sudah semakin hancur tidak ada lagi penghalang untuk merusaknya kecuali aksesibilitas dan topografi.,1.89826E+18,,JanissaryD_Last,in,,0,0,0,https://x.com/KeluargaOutdoor/status/1898257703132401948,7.71115E+17,KeluargaOutdoor
1.89825E+18,Sat Mar 08 05:44:12 +0000 2025,2,Efesiensi anggaran? Faktanya KKN menjamur @prabowo,1.89825E+18,,,in,R√©p D√©mocratique Du Congo ,0,0,1,https://x.com/aGarudasadri29/status/1898248366334640314,1.81608E+18,aGarudasadri29
1.89794E+18,Sat Mar 08 04:44:45 +0000 2025,0,@BudiBukanIntel Menkeu cuma bertugas Ngumpulin anggaran efesiensi utk kabinet gendut ...,1.89823E+18,,BudiBukanIntel,in,,0,0,0,https://x.com/cuukdaniels/status/1898233405017669830,1.88016E+18,cuukdaniels
1.89818E+18,Sat Mar 08 01:07:42 +0000 2025,25,Katanya efesiensi utk ngirit anggaran tapi kenapa sekelas kemenhut aja dibiarkan merekrut stafsus banyak¬≤ hingga bergaji 59 jt dari uang rakyat. Mending gak usah bayar pajak aja biar tidak dimakan oleh mereka para maling. #EfisiensiNdasmu #IndonesiaGelap #Mbuh https://t.co/ASckC5jaE2,1.89818E+18,https://pbs.twimg.com/amplify_video_thumb/1898178540623085570/img/plahvNrqR4xV0_8Q.jpg,,in,‘ÉŒπ –ΩŒ±—ÇŒπ –ºœÖ,1,2,11,https://x.com/Kopipait__78/status/1898178779178320190,1.23623E+18,Kopipait__78
1.8979E+18,Sat Mar 08 00:46:38 +0000 2025,0,@ponikikoku @GeiszChalifah Aji. Mumpung ada kesempatan PSI ada dlm kabinet sebanyak nya klo bisa dimasukkan semua... Kata presiden beliau melakukan program efesiensi anggaran kok PSI malah melakukan pemborosan bgitu.... ruwet PSI ini.,1.89817E+18,,ponikikoku,in,"Kudus, Jateng, indonesia",0,1,0,https://x.com/MGhani39013315/status/1898173477812945090,1.65157E+18,MGhani39013315
1.89817E+18,Sat Mar 08 00:35:34 +0000 2025,1,Sejumlah daerah di Jawa Tengah mempersiapkan mudik lebaran gratis bagi warganya yang berada di perantauan keterbatasan anggaran akibat adanya efesiensi tidak mempengaruhi meskipun ada upaya pemerintah daerah menggandeng pihak lain. https://t.co/KQW5cq1p9Y,1.89817E+18,,,in,Jakarta - Indonesia,0,0,0,https://x.com/mediaindonesia/status/1898170696242807208,68930552,mediaindonesia
1.89806E+18,Fri Mar 07 17:30:47 +0000 2025,1,Makin ngeri negara ini. Korupsi terang-terangan dan menjadi suatu hal yang biasa. Korupsi yang banyak terjadi di negeri ini mengorbankan banyak masyarakat kelas bawah. Efesiensi anggaran yang bikin jadi banyak PHK. Makan siang yang tetep maksain padahal anggarannya ga ada.,1.89806E+18,,,in,,0,0,0,https://x.com/k_mawala/status/1898063795299532902,1.2062E+18,k_mawala
1.89794E+18,Fri Mar 07 17:23:52 +0000 2025,0,@ngiungiungiu_ @kempanrb Efek efesiensi anggaran,1.89806E+18,,ngiungiungiu_,in,,0,0,0,https://x.com/Xiaomi1311679/status/1898062054193504581,1.87281E+18,Xiaomi1311679
1.89798E+18,Fri Mar 07 17:12:53 +0000 2025,0,@WongAlasRoban katanya efesiensi anggaran ternyata efesiensi cuma untuk rakyat kecil,1.89806E+18,,WongAlasRoban,in,"Kota-cho, Aichi",0,0,0,https://x.com/LifriAl/status/1898059291355185643,1.42191E+18,LifriAl
1.89787E+18,Fri Mar 07 13:46:41 +0000 2025,3,@txtdrorgmiskin @FerryNLangelo Kalo yg ini lebih apes lagi Sdh honorer dirumahkan pula Buntut efesiensi anggaran https://t.co/wjMNBjgNQV,1.89801E+18,https://pbs.twimg.com/media/GlcTq6YbwAA1RMe.jpg,txtdrorgmiskin,in,klaten,0,0,2,https://x.com/AgusPra17277810/status/1898007398243352718,1.13585E+18,AgusPra17277810
1.898E+18,Fri Mar 07 13:27:53 +0000 2025,0,Bgst trus efesiensi anggaran tu apaan ajggg kmpus gw kena fkultas gw lebih lagi anjr smpe dipotong 75% bgstrtrtttrr gw sebel bgt ajg,1.898E+18,,,in,"haikyuu, mashle, MTP, BNHA",0,0,0,https://x.com/es_terosyakk/status/1898002664795127952,1.18914E+18,es_terosyakk
1.898E+18,Fri Mar 07 13:11:30 +0000 2025,5,Masyarakat desa sangat banyak yg terjerat rentenir pinjol ijon. Pinjam modal utk bibit pupuk bayarnya berlipat ganda. Saat panen uangnya habis utk bayar pinjaman. Saatnya masyarakat desa hidup sejahtera. Dari efesiensi pemangkasan anggaran di alokasikan utk mereka.,1.898E+18,,,in,"West Borneo, Indonesia",1,2,4,https://x.com/IrawanRommi/status/1897998541660082352,1.34899E+18,IrawanRommi
1.89753E+18,Fri Mar 07 12:19:43 +0000 2025,0,@hermawan_devina Ga bakal yang JKT bandung saja masih ngutang. Ditambah lagi sekarang anggaran negara menipis. Efesiensi dimana-mana,1.89799E+18,,hermawan_devina,in,,0,0,0,https://x.com/AdiX404/status/1897985509919801753,1.32297E+18,AdiX404
1.89786E+18,Fri Mar 07 12:11:51 +0000 2025,0,@ARSIPAJA Pas rapat pejabat masih minum pake Equil. Kan serakah rakus dan goblok banget! Anggaran MBG aja cm 10rb. Efesiensi tau kucing!,1.89798E+18,,ARSIPAJA,in,,0,0,0,https://x.com/karetnyaduua/status/1897983529918906739,1.68388E+18,karetnyaduua
1.89798E+18,Fri Mar 07 12:07:55 +0000 2025,0,Hotelnya seneng tapi sekarang hotelnya sepi karena kementerian dan lembaga yang sering borosin uang dengan alasan rapat sekarang cuma bisa gigit jari akibat efesiensi anggaran.,1.89798E+18,,,in,Jakarta üáÆüá©,0,0,0,https://x.com/digitalnetizen/status/1897982542667825229,1.29865E+18,digitalnetizen
1.8978E+18,Fri Mar 07 10:04:00 +0000 2025,0,@DS_yantie Gara gara rezim yg kerja nya amburadul minus APBN negara.. Rakyat dibuat susah semua nya Naik pajak BBM listrik dll. Sehingga rezim prabowo kebingungan sendiri sehingga melakukan efesiensi anggaran Gtu aja byk lho pemuja nya dasarnya dungu!!,1.89795E+18,,DS_yantie,in,"Kudus, Jateng, indonesia",0,0,0,https://x.com/MGhani39013315/status/1897951358734438827,1.65157E+18,MGhani39013315
1.89772E+18,Fri Mar 07 08:55:55 +0000 2025,4,@pandji Jadi bukan hanya presiden sj yg Gemoy para menterinya tapi anak buahnya pun ikut-ikutan gemoy pembantunya.jadi yg pak Prabowo katakan efesiensi anggaran di peruntukan untuk rkytnya sj bukan untk para menterinya jg gimana mau sejahterakan rkyt kalau hal¬≤kecil sj gak bisa di atur.,1.89793E+18,,pandji,in,,0,0,0,https://x.com/MuhammadGhilm14/status/1897934223178387625,1.45182E+18,MuhammadGhilm14
1.89784E+18,Fri Mar 07 04:01:21 +0000 2025,0,@kompascom Ini yg kata efesiensi anggaran,1.89786E+18,,kompascom,in,,0,0,0,https://x.com/TBxLeader/status/1897860091790958648,1.75301E+18,TBxLeader
1.89769E+18,Thu Mar 06 21:30:35 +0000 2025,0,@Kanseulir Presidennya mau efesiensi anggaran sampai2 anggaran pendidikan dipangkas sementara para kacung anjing2 nya pesta pora habiskan uang negara...asu benar @psi_id @RajaJuliAntoni,1.89776E+18,,Kanseulir,in,,0,0,2,https://x.com/abdulmukti691/status/1897761755654410520,1.60377E+18,abdulmukti691
1.89751E+18,Thu Mar 06 21:16:49 +0000 2025,0,@PRFMnews Efesiensi anggaran ,1.89776E+18,,PRFMnews,in,"√úT: -6.909518,107.59817",0,0,0,https://x.com/Asepsetiawan/status/1897758288567320873,86620380,Asepsetiawan
1.89775E+18,Thu Mar 06 20:46:07 +0000 2025,3,Selama belanja pegawai ASN menggunakan APBN dan orientasi anggaran masih efesiensi mo pake inpres belanja pegawai dikecualikan mau pake kesimpulan rapat kerja atau apakek jangan percaya dulu. Ga mungkin efesiensi terus belanja pegawai seabrek (serentak) dengan mudah ,1.89775E+18,,,in,Yogyakarta,0,0,0,https://x.com/yuerekk/status/1897750564228022722,212825331,yuerekk
1.89771E+18,Thu Mar 06 18:02:09 +0000 2025,0,Masih ada anak¬≤ tidak sekolah di daerah¬≤ nampak aparat K/L bidang terkait tidak mampu jalankan tujuan negara tsb. Anggaran efesiensi 1.400 T &amp; dikorup 3000 T berarti bisa menyekolahkan anak¬≤ daerah gratis. ¬ªJika anak¬≤ dibantu kelak besar akan bangun bangsa &amp; bantu warga yg susah.,1.89771E+18,,,in,,0,0,0,https://x.com/PrajogoJ7/status/1897709300082180263,1.55627E+18,PrajogoJ7
1.8977E+18,Thu Mar 06 17:59:51 +0000 2025,1,Masih ada anak¬≤ tidak sekolah di daerah¬≤ nampak aparat K/L bidang terkait tidak mampu jalankan tujuan negara tsb. Anggaran efesiensi 1.400 T &amp; dikorup 3000 T berarti bisa menyekolahkan anak¬≤ daerah gratis. ¬ªJika anak¬≤ dibantu kelak besar akan bangun bangsa &amp; bantu warga yg susah.,1.89771E+18,,PrajogoJ7,in,,0,0,1,https://x.com/PrajogoJ7/status/1897708720169402456,1.55627E+18,PrajogoJ7
1.89763E+18,Thu Mar 06 17:39:27 +0000 2025,17,@sasyine Yg lucunya pemerintah tolol ini sblm pembentukan formasi apa ga mikirin anggaran utk gajinya dulu ya? Kalau emg sblmnya udh di budgetin ya kuncilah. Ga ada cerita mau tiba¬≤ efesiensi terus uangnya dialihin. Krn itu sudah disusun jauh hari bahkan sblm pergantian presiden,1.8977E+18,,sasyine,in,62,0,3,1,https://x.com/hqlidpp/status/1897703585426948300,414670227,hqlidpp
1.89768E+18,Thu Mar 06 15:48:30 +0000 2025,0,Imagine listrik di rumah mu harus mati karena efesiensi anggaran...,1.89768E+18,,,in,,0,0,0,https://x.com/WindaAK3/status/1897675666747002921,1.44021E+18,WindaAK3
1.89765E+18,Thu Mar 06 14:20:53 +0000 2025,1,Kalo presiden sama mentri2 lain diem aja liat kelakuan menhut dan konco2nya ...itu artinya efesiensi anggaran cuma omong kosong,1.89765E+18,,,in,,0,0,0,https://x.com/Ramadian40/status/1897653615768096828,348792302,Ramadian40
1.89755E+18,Thu Mar 06 13:19:19 +0000 2025,0,@Nilot__ Aduh...kenapa sih efesiensi anggaran terus,1.89764E+18,,Nilot__,in,,0,0,0,https://x.com/Kopiklasik_/status/1897638123934523473,1.52695E+18,Kopiklasik_
1.89759E+18,Thu Mar 06 13:00:41 +0000 2025,0,@prabowo Rapat TERBATAS?? Ratas koq pesertanya puluhan orang.. Yg namanya terbatas ya cuma belasan orang maksimal. Omon omon efesiensi anggaran.. Dulu anda menulis buku paradox Indonesia. Kenyataan hari ini justru paradox @prabowo .. Buku #paradoxprabowo pasti lebih laris,1.89763E+18,,prabowo,in,Bandung,0,0,0,https://x.com/R_Kuswandi/status/1897633432555114646,99275605,R_Kuswandi
